id,name,traits,description,created_at
c19d0a67-aeea-4b67-bab8-018246d59299,Affenpinschers,"{'breed': 'Affenpinschers', 'coat_type': 'Wiry', 'coat_length': 'Short', 'energy_level': 3, 'barking_level': 3, 'drooling_level': 1, 'shedding_level': 3, 'playfulness_level': 3, 'adaptability_level': 4, 'trainability_level': 3, 'good_with_other_dogs': 3, 'openness_to_strangers': 5, 'coat_grooming_frequency': 3, 'affectionate_with_family': 3, 'good_with_young_children': 3, 'mental_stimulation_needs': 3, 'watchdog_protective_nature': 3}",,2025-11-17 21:41:31.493235+00:00
00ef6136-6dc1-40c6-97ef-fbb23362dbce,Afghan Hounds,"{'breed': 'Afghan\xa0Hounds', 'coat_type': 'Silky', 'coat_length': 'Long', 'energy_level': 4, 'barking_level': 3, 'drooling_level': 1, 'shedding_level': 1, 'playfulness_level': 3, 'adaptability_level': 3, 'trainability_level': 1, 'good_with_other_dogs': 3, 'openness_to_strangers': 3, 'coat_grooming_frequency': 4, 'affectionate_with_family': 3, 'good_with_young_children': 3, 'mental_stimulation_needs': 3, 'watchdog_protective_nature': 3}",,2025-11-17 21:41:20.739330+00:00
995c5b7c-4e1e-48ac-9acf-3f902f741d21,Airedale Terriers,"{'breed': 'Airedale\xa0Terriers', 'coat_type': 'Wiry', 'coat_length': 'Short', 'energy_level': 3, 'barking_level': 3, 'drooling_level': 1, 'shedding_level': 1, 'playfulness_level': 3, 'adaptability_level': 3, 'trainability_level': 3, 'good_with_other_dogs': 3, 'openness_to_strangers': 3, 'coat_grooming_frequency': 3, 'affectionate_with_family': 3, 'good_with_young_children': 3, 'mental_stimulation_needs': 3, 'watchdog_protective_nature': 5}",,2025-11-17 21:41:04.912580+00:00
b1f46205-abdc-43a9-841d-9f6df42c1428,Akitas,"{'breed': 'Akitas', 'coat_type': 'Double', 'coat_length': 'Medium', 'energy_level': 4, 'barking_level': 2, 'drooling_level': 1, 'shedding_level': 3, 'playfulness_level': 3, 'adaptability_level': 3, 'trainability_level': 3, 'good_with_other_dogs': 1, 'openness_to_strangers': 2, 'coat_grooming_frequency': 3, 'affectionate_with_family': 3, 'good_with_young_children': 3, 'mental_stimulation_needs': 3, 'watchdog_protective_nature': 5}",,2025-11-17 21:40:58.474005+00:00
a6df76dc-7ea4-4882-b0e8-f86c51723499,Alaskan Malamutes,"{'breed': 'Alaskan\xa0Malamutes', 'coat_type': 'Double', 'coat_length': 'Medium', 'energy_level': 4, 'barking_level': 3, 'drooling_level': 1, 'shedding_level': 3, 'playfulness_level': 3, 'adaptability_level': 3, 'trainability_level': 5, 'good_with_other_dogs': 3, 'openness_to_strangers': 3, 'coat_grooming_frequency': 3, 'affectionate_with_family': 3, 'good_with_young_children': 3, 'mental_stimulation_needs': 3, 'watchdog_protective_nature': 4}",,2025-11-17 21:41:04.912580+00:00
616c5d64-e8db-4d0e-ba5b-a14d40a1ad5b,American English Coonhounds,"{'breed': 'American\xa0English\xa0Coonhounds', 'coat_type': 'Smooth', 'coat_length': 'Short', 'energy_level': 4, 'barking_level': 4, 'drooling_level': 1, 'shedding_level': 2, 'playfulness_level': 3, 'adaptability_level': 3, 'trainability_level': 3, 'good_with_other_dogs': 5, 'openness_to_strangers': 3, 'coat_grooming_frequency': 1, 'affectionate_with_family': 3, 'good_with_young_children': 3, 'mental_stimulation_needs': 3, 'watchdog_protective_nature': 3}",,2025-11-17 21:41:36.719864+00:00
7587f495-9217-4cac-8eb5-93075fc90b96,American Eskimo Dogs,"{'breed': 'American\xa0Eskimo\xa0Dogs', 'coat_type': 'Double', 'coat_length': 'Medium', 'energy_level': 4, 'barking_level': 3, 'drooling_level': 1, 'shedding_level': 3, 'playfulness_level': 3, 'adaptability_level': 4, 'trainability_level': 4, 'good_with_other_dogs': 3, 'openness_to_strangers': 5, 'coat_grooming_frequency': 3, 'affectionate_with_family': 5, 'good_with_young_children': 5, 'mental_stimulation_needs': 3, 'watchdog_protective_nature': 3}",,2025-11-17 21:41:18.146292+00:00
ffce8c44-8155-4961-9abe-65ed94b4dc65,American Foxhounds,"{'breed': 'American\xa0Foxhounds', 'coat_type': 'Smooth', 'coat_length': 'Short', 'energy_level': 4, 'barking_level': 5, 'drooling_level': 1, 'shedding_level': 3, 'playfulness_level': 3, 'adaptability_level': 3, 'trainability_level': 3, 'good_with_other_dogs': 5, 'openness_to_strangers': 3, 'coat_grooming_frequency': 1, 'affectionate_with_family': 3, 'good_with_young_children': 5, 'mental_stimulation_needs': 3, 'watchdog_protective_nature': 3}",,2025-11-17 21:41:38.083294+00:00
36585fb4-8d9f-4067-8757-1351e259de0d,American Hairless Terriers,"{'breed': 'American\xa0Hairless\xa0Terriers', 'coat_type': 'Hairless', 'coat_length': 'Short', 'energy_level': 3, 'barking_level': 3, 'drooling_level': 1, 'shedding_level': 1, 'playfulness_level': 3, 'adaptability_level': 5, 'trainability_level': 5, 'good_with_other_dogs': 3, 'openness_to_strangers': 3, 'coat_grooming_frequency': 1, 'affectionate_with_family': 5, 'good_with_young_children': 5, 'mental_stimulation_needs': 3, 'watchdog_protective_nature': 3}",,2025-11-17 21:41:20.739330+00:00
8f9892a4-b97d-40be-9356-887bbc0f30c6,American Staffordshire Terriers,"{'breed': 'American\xa0Staffordshire\xa0Terriers', 'coat_type': 'Smooth', 'coat_length': 'Short', 'energy_level': 3, 'barking_level': 3, 'drooling_level': 1, 'shedding_level': 2, 'playfulness_level': 3, 'adaptability_level': 3, 'trainability_level': 3, 'good_with_other_dogs': 3, 'openness_to_strangers': 4, 'coat_grooming_frequency': 1, 'affectionate_with_family': 5, 'good_with_young_children': 3, 'mental_stimulation_needs': 3, 'watchdog_protective_nature': 5}",,2025-11-17 21:41:10.171569+00:00
984369a0-94ae-4072-a5fc-1feab977c39d,Anatolian Shepherd Dogs,"{'breed': 'Anatolian\xa0Shepherd\xa0Dogs', 'coat_type': 'Smooth', 'coat_length': 'Short', 'energy_level': 3, 'barking_level': 3, 'drooling_level': 1, 'shedding_level': 3, 'playfulness_level': 3, 'adaptability_level': 3, 'trainability_level': 2, 'good_with_other_dogs': 3, 'openness_to_strangers': 1, 'coat_grooming_frequency': 2, 'affectionate_with_family': 1, 'good_with_young_children': 3, 'mental_stimulation_needs': 3, 'watchdog_protective_nature': 5}",,2025-11-17 21:41:10.171569+00:00
a2ad5f9b-65d9-4b83-b63b-0924863e5719,Australian Cattle Dogs,"{'breed': 'Australian\xa0Cattle\xa0Dogs', 'coat_type': 'Smooth', 'coat_length': 'Short', 'energy_level': 5, 'barking_level': 1, 'drooling_level': 1, 'shedding_level': 3, 'playfulness_level': 3, 'adaptability_level': 3, 'trainability_level': 4, 'good_with_other_dogs': 3, 'openness_to_strangers': 3, 'coat_grooming_frequency': 1, 'affectionate_with_family': 3, 'good_with_young_children': 3, 'mental_stimulation_needs': 4, 'watchdog_protective_nature': 4}",,2025-11-17 21:41:02.289528+00:00
33057bb2-e9d4-44ef-835e-6b050c856a5c,Australian Shepherds,"{'breed': 'Australian\xa0Shepherds', 'coat_type': 'Double', 'coat_length': 'Medium', 'energy_level': 5, 'barking_level': 3, 'drooling_level': 1, 'shedding_level': 3, 'playfulness_level': 4, 'adaptability_level': 3, 'trainability_level': 5, 'good_with_other_dogs': 3, 'openness_to_strangers': 3, 'coat_grooming_frequency': 2, 'affectionate_with_family': 3, 'good_with_young_children': 5, 'mental_stimulation_needs': 5, 'watchdog_protective_nature': 3}",,2025-11-17 21:40:47.060995+00:00
a808ebb3-69fe-479f-8c1d-ae44b1792f05,Australian Terriers,"{'breed': 'Australian\xa0Terriers', 'coat_type': 'Wiry', 'coat_length': 'Short', 'energy_level': 4, 'barking_level': 5, 'drooling_level': 1, 'shedding_level': 1, 'playfulness_level': 4, 'adaptability_level': 3, 'trainability_level': 4, 'good_with_other_dogs': 3, 'openness_to_strangers': 3, 'coat_grooming_frequency': 2, 'affectionate_with_family': 3, 'good_with_young_children': 5, 'mental_stimulation_needs': 4, 'watchdog_protective_nature': 4}",,2025-11-17 21:41:23.386979+00:00
c9732362-3afb-4e17-92e2-4a7ea2ed18b9,Azawakhs,"{'breed': 'Azawakhs', 'coat_type': 'Smooth', 'coat_length': 'Short', 'energy_level': 3, 'barking_level': 1, 'drooling_level': 1, 'shedding_level': 2, 'playfulness_level': 3, 'adaptability_level': 3, 'trainability_level': 2, 'good_with_other_dogs': 3, 'openness_to_strangers': 1, 'coat_grooming_frequency': 2, 'affectionate_with_family': 3, 'good_with_young_children': 3, 'mental_stimulation_needs': 3, 'watchdog_protective_nature': 3}",,2025-11-17 21:41:38.083294+00:00
bcc408d2-b013-4c33-86e7-6366063df282,Barbets,"{'breed': 'Barbets', 'coat_type': 'Curly', 'coat_length': 'Medium', 'energy_level': 3, 'barking_level': 3, 'drooling_level': 1, 'shedding_level': 1, 'playfulness_level': 3, 'adaptability_level': 3, 'trainability_level': 4, 'good_with_other_dogs': 5, 'openness_to_strangers': 3, 'coat_grooming_frequency': 3, 'affectionate_with_family': 4, 'good_with_young_children': 5, 'mental_stimulation_needs': 3, 'watchdog_protective_nature': 3}",,2025-11-17 21:41:25.997928+00:00
b22e9b32-ef62-4ae8-8174-91aefed66e16,Basenjis,"{'breed': 'Basenjis', 'coat_type': 'Smooth', 'coat_length': 'Short', 'energy_level': 4, 'barking_level': 1, 'drooling_level': 1, 'shedding_level': 2, 'playfulness_level': 3, 'adaptability_level': 3, 'trainability_level': 2, 'good_with_other_dogs': 3, 'openness_to_strangers': 3, 'coat_grooming_frequency': 1, 'affectionate_with_family': 3, 'good_with_young_children': 3, 'mental_stimulation_needs': 4, 'watchdog_protective_nature': 3}",,2025-11-17 21:41:10.171569+00:00
9bd84339-5d4e-40fb-94db-f4cac572dfaf,Basset Hounds,"{'breed': 'Basset\xa0Hounds', 'coat_type': 'Smooth', 'coat_length': 'Short', 'energy_level': 2, 'barking_level': 4, 'drooling_level': 4, 'shedding_level': 2, 'playfulness_level': 3, 'adaptability_level': 3, 'trainability_level': 3, 'good_with_other_dogs': 5, 'openness_to_strangers': 3, 'coat_grooming_frequency': 3, 'affectionate_with_family': 3, 'good_with_young_children': 5, 'mental_stimulation_needs': 3, 'watchdog_protective_nature': 3}",,2025-11-17 21:40:54.536583+00:00
74402911-d841-4246-b178-fb860d7a92a6,Beagles,"{'breed': 'Beagles', 'coat_type': 'Smooth', 'coat_length': 'Short', 'energy_level': 4, 'barking_level': 4, 'drooling_level': 1, 'shedding_level': 3, 'playfulness_level': 4, 'adaptability_level': 4, 'trainability_level': 3, 'good_with_other_dogs': 5, 'openness_to_strangers': 3, 'coat_grooming_frequency': 2, 'affectionate_with_family': 3, 'good_with_young_children': 5, 'mental_stimulation_needs': 4, 'watchdog_protective_nature': 2}",,2025-11-17 21:40:43.310838+00:00
45732e26-d7a0-46fd-b080-3e78848a31d0,Bearded Collies,"{'breed': 'Bearded\xa0Collies', 'coat_type': 'Silky', 'coat_length': 'Long', 'energy_level': 4, 'barking_level': 5, 'drooling_level': 1, 'shedding_level': 3, 'playfulness_level': 4, 'adaptability_level': 4, 'trainability_level': 3, 'good_with_other_dogs': 5, 'openness_to_strangers': 4, 'coat_grooming_frequency': 4, 'affectionate_with_family': 4, 'good_with_young_children': 5, 'mental_stimulation_needs': 3, 'watchdog_protective_nature': 3}",,2025-11-17 21:41:20.739330+00:00
0c8e33f0-89ac-4f5f-8e02-eb1212d9ffdd,Beaucerons,"{'breed': 'Beaucerons', 'coat_type': 'Smooth', 'coat_length': 'Short', 'energy_level': 5, 'barking_level': 3, 'drooling_level': 1, 'shedding_level': 4, 'playfulness_level': 3, 'adaptability_level': 3, 'trainability_level': 3, 'good_with_other_dogs': 3, 'openness_to_strangers': 2, 'coat_grooming_frequency': 3, 'affectionate_with_family': 3, 'good_with_young_children': 3, 'mental_stimulation_needs': 3, 'watchdog_protective_nature': 4}",,2025-11-17 21:41:20.739330+00:00
63048a55-848e-4bdc-81a6-bf37b5caa9f7,Bedlington Terriers,"{'breed': 'Bedlington\xa0Terriers', 'coat_type': 'Curly', 'coat_length': 'Medium', 'energy_level': 4, 'barking_level': 3, 'drooling_level': 1, 'shedding_level': 1, 'playfulness_level': 3, 'adaptability_level': 3, 'trainability_level': 3, 'good_with_other_dogs': 3, 'openness_to_strangers': 3, 'coat_grooming_frequency': 3, 'affectionate_with_family': 3, 'good_with_young_children': 3, 'mental_stimulation_needs': 3, 'watchdog_protective_nature': 4}",,2025-11-17 21:41:25.997928+00:00
b2da3604-e0e8-45b2-aea8-5c16f1dbc0af,Belgian Malinois,"{'breed': 'Belgian\xa0Malinois', 'coat_type': 'Smooth', 'coat_length': 'Short', 'energy_level': 4, 'barking_level': 3, 'drooling_level': 1, 'shedding_level': 3, 'playfulness_level': 3, 'adaptability_level': 3, 'trainability_level': 5, 'good_with_other_dogs': 3, 'openness_to_strangers': 3, 'coat_grooming_frequency': 2, 'affectionate_with_family': 3, 'good_with_young_children': 3, 'mental_stimulation_needs': 4, 'watchdog_protective_nature': 4}",,2025-11-17 21:40:54.536583+00:00
96b9aeb1-dc81-4efc-a1f7-9cf1de44fb81,Belgian Sheepdogs,"{'breed': 'Belgian\xa0Sheepdogs', 'coat_type': 'Double', 'coat_length': 'Medium', 'energy_level': 4, 'barking_level': 3, 'drooling_level': 1, 'shedding_level': 3, 'playfulness_level': 3, 'adaptability_level': 3, 'trainability_level': 5, 'good_with_other_dogs': 3, 'openness_to_strangers': 3, 'coat_grooming_frequency': 2, 'affectionate_with_family': 3, 'good_with_young_children': 3, 'mental_stimulation_needs': 4, 'watchdog_protective_nature': 4}",,2025-11-17 21:41:18.146292+00:00
06a1b371-9314-4595-a7d8-fe0bccc754ac,Belgian Tervuren,"{'breed': 'Belgian\xa0Tervuren', 'coat_type': 'Double', 'coat_length': 'Medium', 'energy_level': 4, 'barking_level': 3, 'drooling_level': 1, 'shedding_level': 3, 'playfulness_level': 3, 'adaptability_level': 3, 'trainability_level': 5, 'good_with_other_dogs': 3, 'openness_to_strangers': 3, 'coat_grooming_frequency': 2, 'affectionate_with_family': 3, 'good_with_young_children': 3, 'mental_stimulation_needs': 4, 'watchdog_protective_nature': 4}",,2025-11-17 21:41:15.506807+00:00
67d05c6f-ccde-45ca-a9d0-c47c5cb5aaa4,Bergamasco Sheepdogs,"{'breed': 'Bergamasco\xa0Sheepdogs', 'coat_type': 'Corded', 'coat_length': 'Long', 'energy_level': 3, 'barking_level': 1, 'drooling_level': 2, 'shedding_level': 1, 'playfulness_level': 3, 'adaptability_level': 3, 'trainability_level': 3, 'good_with_other_dogs': 3, 'openness_to_strangers': 3, 'coat_grooming_frequency': 1, 'affectionate_with_family': 3, 'good_with_young_children': 3, 'mental_stimulation_needs': 3, 'watchdog_protective_nature': 4}",,2025-11-17 21:41:34.077757+00:00
16f7dc19-4795-472d-8afd-2344da4688fd,Berger Picards,"{'breed': 'Berger\xa0Picards', 'coat_type': 'Wiry', 'coat_length': 'Medium', 'energy_level': 4, 'barking_level': 2, 'drooling_level': 1, 'shedding_level': 3, 'playfulness_level': 3, 'adaptability_level': 3, 'trainability_level': 4, 'good_with_other_dogs': 3, 'openness_to_strangers': 3, 'coat_grooming_frequency': 1, 'affectionate_with_family': 3, 'good_with_young_children': 3, 'mental_stimulation_needs': 4, 'watchdog_protective_nature': 4}",,2025-11-17 21:41:28.904259+00:00
81f5f2f8-df0d-424a-96a1-21f7265da3e3,Bernese Mountain Dogs,"{'breed': 'Bernese\xa0Mountain\xa0Dogs', 'coat_type': 'Double', 'coat_length': 'Medium', 'energy_level': 4, 'barking_level': 3, 'drooling_level': 3, 'shedding_level': 5, 'playfulness_level': 4, 'adaptability_level': 4, 'trainability_level': 4, 'good_with_other_dogs': 5, 'openness_to_strangers': 4, 'coat_grooming_frequency': 3, 'affectionate_with_family': 5, 'good_with_young_children': 5, 'mental_stimulation_needs': 3, 'watchdog_protective_nature': 3}",,2025-11-17 21:40:50.668624+00:00
f36041a0-bb95-44f2-b4f9-ec93627b810b,Bichons Frises,"{'breed': 'Bichons\xa0Frises', 'coat_type': 'Double', 'coat_length': 'Long', 'energy_level': 4, 'barking_level': 3, 'drooling_level': 1, 'shedding_level': 1, 'playfulness_level': 4, 'adaptability_level': 4, 'trainability_level': 4, 'good_with_other_dogs': 5, 'openness_to_strangers': 5, 'coat_grooming_frequency': 5, 'affectionate_with_family': 5, 'good_with_young_children': 5, 'mental_stimulation_needs': 3, 'watchdog_protective_nature': 2}",,2025-11-17 21:40:58.474005+00:00
070d5dbb-62df-44fa-ac5c-5ed344dc5501,Black Russian Terriers,"{'breed': 'Black\xa0Russian\xa0Terriers', 'coat_type': 'Double', 'coat_length': 'Medium', 'energy_level': 4, 'barking_level': 3, 'drooling_level': 3, 'shedding_level': 3, 'playfulness_level': 3, 'adaptability_level': 4, 'trainability_level': 4, 'good_with_other_dogs': 3, 'openness_to_strangers': 2, 'coat_grooming_frequency': 4, 'affectionate_with_family': 3, 'good_with_young_children': 3, 'mental_stimulation_needs': 4, 'watchdog_protective_nature': 5}",,2025-11-17 21:41:20.739330+00:00
159e1993-5cca-473c-a0b1-10cbf4785b7e,Black and Tan Coonhounds,"{'breed': 'Black\xa0and\xa0Tan\xa0Coonhounds', 'coat_type': 'Smooth', 'coat_length': 'Short', 'energy_level': 3, 'barking_level': 4, 'drooling_level': 3, 'shedding_level': 3, 'playfulness_level': 3, 'adaptability_level': 4, 'trainability_level': 3, 'good_with_other_dogs': 5, 'openness_to_strangers': 3, 'coat_grooming_frequency': 2, 'affectionate_with_family': 4, 'good_with_young_children': 5, 'mental_stimulation_needs': 3, 'watchdog_protective_nature': 2}",,2025-11-17 21:41:20.739330+00:00
8101a0c6-476f-4111-87b6-27ed936354f6,Bloodhounds,"{'breed': 'Bloodhounds', 'coat_type': 'Smooth', 'coat_length': 'Short', 'energy_level': 3, 'barking_level': 5, 'drooling_level': 5, 'shedding_level': 3, 'playfulness_level': 3, 'adaptability_level': 3, 'trainability_level': 4, 'good_with_other_dogs': 3, 'openness_to_strangers': 3, 'coat_grooming_frequency': 2, 'affectionate_with_family': 4, 'good_with_young_children': 3, 'mental_stimulation_needs': 3, 'watchdog_protective_nature': 2}",,2025-11-17 21:40:58.474005+00:00
7e8aa734-b4e2-44b4-a737-317a81500b2f,Bluetick Coonhounds,"{'breed': 'Bluetick\xa0Coonhounds', 'coat_type': 'Smooth', 'coat_length': 'Short', 'energy_level': 4, 'barking_level': 4, 'drooling_level': 2, 'shedding_level': 3, 'playfulness_level': 3, 'adaptability_level': 3, 'trainability_level': 4, 'good_with_other_dogs': 5, 'openness_to_strangers': 3, 'coat_grooming_frequency': 2, 'affectionate_with_family': 3, 'good_with_young_children': 3, 'mental_stimulation_needs': 3, 'watchdog_protective_nature': 2}",,2025-11-17 21:41:23.386979+00:00
0d7d9419-f406-4187-a06e-0fb9ccedc864,Boerboels,"{'breed': 'Boerboels', 'coat_type': 'Smooth', 'coat_length': 'Short', 'energy_level': 3, 'barking_level': 3, 'drooling_level': 3, 'shedding_level': 3, 'playfulness_level': 3, 'adaptability_level': 3, 'trainability_level': 4, 'good_with_other_dogs': 2, 'openness_to_strangers': 3, 'coat_grooming_frequency': 2, 'affectionate_with_family': 5, 'good_with_young_children': 4, 'mental_stimulation_needs': 4, 'watchdog_protective_nature': 5}",,2025-11-17 21:41:20.739330+00:00
5524ab5d-ab96-44c8-969e-1af4e567786f,Border Collies,"{'breed': 'Border\xa0Collies', 'coat_type': 'Double', 'coat_length': 'Medium', 'energy_level': 5, 'barking_level': 4, 'drooling_level': 1, 'shedding_level': 3, 'playfulness_level': 5, 'adaptability_level': 5, 'trainability_level': 5, 'good_with_other_dogs': 3, 'openness_to_strangers': 4, 'coat_grooming_frequency': 3, 'affectionate_with_family': 5, 'good_with_young_children': 3, 'mental_stimulation_needs': 5, 'watchdog_protective_nature': 3}",,2025-11-17 21:40:54.536583+00:00
eab55e00-eddb-400c-867b-655e469c7fc2,Border Terriers,"{'breed': 'Border\xa0Terriers', 'coat_type': 'Wiry', 'coat_length': 'Short', 'energy_level': 3, 'barking_level': 3, 'drooling_level': 1, 'shedding_level': 2, 'playfulness_level': 4, 'adaptability_level': 4, 'trainability_level': 4, 'good_with_other_dogs': 3, 'openness_to_strangers': 4, 'coat_grooming_frequency': 2, 'affectionate_with_family': 4, 'good_with_young_children': 5, 'mental_stimulation_needs': 3, 'watchdog_protective_nature': 3}",,2025-11-17 21:41:12.842829+00:00
fd5607f3-a634-42ad-8ae3-c49d6696e403,Borzois,"{'breed': 'Borzois', 'coat_type': 'Curly', 'coat_length': 'Medium', 'energy_level': 4, 'barking_level': 2, 'drooling_level': 1, 'shedding_level': 3, 'playfulness_level': 3, 'adaptability_level': 3, 'trainability_level': 2, 'good_with_other_dogs': 3, 'openness_to_strangers': 3, 'coat_grooming_frequency': 2, 'affectionate_with_family': 3, 'good_with_young_children': 3, 'mental_stimulation_needs': 4, 'watchdog_protective_nature': 3}",,2025-11-17 21:41:15.506807+00:00
a64eff3d-ea95-4369-90c0-330e9960dab2,Boston Terriers,"{'breed': 'Boston\xa0Terriers', 'coat_type': 'Smooth', 'coat_length': 'Short', 'energy_level': 4, 'barking_level': 2, 'drooling_level': 1, 'shedding_level': 2, 'playfulness_level': 5, 'adaptability_level': 3, 'trainability_level': 4, 'good_with_other_dogs': 4, 'openness_to_strangers': 5, 'coat_grooming_frequency': 2, 'affectionate_with_family': 5, 'good_with_young_children': 5, 'mental_stimulation_needs': 3, 'watchdog_protective_nature': 3}",,2025-11-17 21:40:50.668624+00:00
86f44cd2-a40c-48d9-a321-c983639bb7fc,Bouviers des Flandres,"{'breed': 'Bouviers\xa0des\xa0Flandres', 'coat_type': 'Rough', 'coat_length': 'Medium', 'energy_level': 4, 'barking_level': 3, 'drooling_level': 2, 'shedding_level': 3, 'playfulness_level': 3, 'adaptability_level': 3, 'trainability_level': 4, 'good_with_other_dogs': 3, 'openness_to_strangers': 3, 'coat_grooming_frequency': 4, 'affectionate_with_family': 3, 'good_with_young_children': 3, 'mental_stimulation_needs': 3, 'watchdog_protective_nature': 4}",,2025-11-17 21:41:12.842829+00:00
3838b971-e365-4a6a-b80a-3e6c043d8c25,Boxers,"{'breed': 'Boxers', 'coat_type': 'Smooth', 'coat_length': 'Short', 'energy_level': 4, 'barking_level': 3, 'drooling_level': 3, 'shedding_level': 2, 'playfulness_level': 4, 'adaptability_level': 3, 'trainability_level': 4, 'good_with_other_dogs': 3, 'openness_to_strangers': 4, 'coat_grooming_frequency': 2, 'affectionate_with_family': 4, 'good_with_young_children': 5, 'mental_stimulation_needs': 4, 'watchdog_protective_nature': 4}",,2025-11-17 21:40:47.060995+00:00
b25a455f-836c-46c3-8fe7-01dad4a706a9,Briards,"{'breed': 'Briards', 'coat_type': 'Double', 'coat_length': 'Long', 'energy_level': 3, 'barking_level': 1, 'drooling_level': 2, 'shedding_level': 1, 'playfulness_level': 3, 'adaptability_level': 3, 'trainability_level': 3, 'good_with_other_dogs': 3, 'openness_to_strangers': 3, 'coat_grooming_frequency': 4, 'affectionate_with_family': 3, 'good_with_young_children': 3, 'mental_stimulation_needs': 3, 'watchdog_protective_nature': 4}",,2025-11-17 21:41:25.997928+00:00
d14b31fc-1343-45c8-842b-d371302474e9,Brittanys,"{'breed': 'Brittanys', 'coat_type': 'Double', 'coat_length': 'Short', 'energy_level': 5, 'barking_level': 3, 'drooling_level': 1, 'shedding_level': 3, 'playfulness_level': 4, 'adaptability_level': 3, 'trainability_level': 5, 'good_with_other_dogs': 4, 'openness_to_strangers': 3, 'coat_grooming_frequency': 3, 'affectionate_with_family': 3, 'good_with_young_children': 4, 'mental_stimulation_needs': 4, 'watchdog_protective_nature': 3}",,2025-11-17 21:40:50.668624+00:00
0d3f83d9-3226-4f6c-bd8c-eccebb450527,Brussels Griffons,"{'breed': 'Brussels\xa0Griffons', 'coat_type': 'Wiry', 'coat_length': 'Short', 'energy_level': 3, 'barking_level': 4, 'drooling_level': 1, 'shedding_level': 3, 'playfulness_level': 4, 'adaptability_level': 4, 'trainability_level': 4, 'good_with_other_dogs': 3, 'openness_to_strangers': 4, 'coat_grooming_frequency': 3, 'affectionate_with_family': 4, 'good_with_young_children': 3, 'mental_stimulation_needs': 3, 'watchdog_protective_nature': 3}",,2025-11-17 21:41:10.171569+00:00
d6f5d4a2-c90a-4f46-bbc0-43016111c448,Bull Terriers,"{'breed': 'Bull\xa0Terriers', 'coat_type': 'Smooth', 'coat_length': 'Short', 'energy_level': 4, 'barking_level': 3, 'drooling_level': 1, 'shedding_level': 3, 'playfulness_level': 4, 'adaptability_level': 3, 'trainability_level': 3, 'good_with_other_dogs': 1, 'openness_to_strangers': 4, 'coat_grooming_frequency': 2, 'affectionate_with_family': 4, 'good_with_young_children': 3, 'mental_stimulation_needs': 4, 'watchdog_protective_nature': 3}",,2025-11-17 21:41:04.912580+00:00
617e623a-c4e3-4d4d-b348-1498dd81a25f,Bulldogs,"{'breed': 'Bulldogs', 'coat_type': 'Smooth', 'coat_length': 'Short', 'energy_level': 3, 'barking_level': 2, 'drooling_level': 3, 'shedding_level': 3, 'playfulness_level': 4, 'adaptability_level': 3, 'trainability_level': 4, 'good_with_other_dogs': 3, 'openness_to_strangers': 4, 'coat_grooming_frequency': 3, 'affectionate_with_family': 4, 'good_with_young_children': 3, 'mental_stimulation_needs': 3, 'watchdog_protective_nature': 3}",,2025-11-17 21:40:43.310838+00:00
f4f37d96-25c9-41d5-bc25-e41ff5eb5849,Bullmastiffs,"{'breed': 'Bullmastiffs', 'coat_type': 'Smooth', 'coat_length': 'Short', 'energy_level': 4, 'barking_level': 1, 'drooling_level': 3, 'shedding_level': 3, 'playfulness_level': 3, 'adaptability_level': 3, 'trainability_level': 4, 'good_with_other_dogs': 3, 'openness_to_strangers': 3, 'coat_grooming_frequency': 1, 'affectionate_with_family': 4, 'good_with_young_children': 3, 'mental_stimulation_needs': 4, 'watchdog_protective_nature': 5}",,2025-11-17 21:41:02.289528+00:00
81521419-2dbd-4e28-9043-c8f635bf5bcb,Cairn Terriers,"{'breed': 'Cairn\xa0Terriers', 'coat_type': 'Wiry', 'coat_length': 'Medium', 'energy_level': 3, 'barking_level': 4, 'drooling_level': 1, 'shedding_level': 2, 'playfulness_level': 4, 'adaptability_level': 3, 'trainability_level': 3, 'good_with_other_dogs': 3, 'openness_to_strangers': 3, 'coat_grooming_frequency': 2, 'affectionate_with_family': 4, 'good_with_young_children': 3, 'mental_stimulation_needs': 3, 'watchdog_protective_nature': 4}",,2025-11-17 21:41:07.557501+00:00
091ce0e4-71ec-4057-ac90-b80e8e551c8e,Canaan Dogs,"{'breed': 'Canaan\xa0Dogs', 'coat_type': 'Smooth', 'coat_length': 'Short', 'energy_level': 3, 'barking_level': 5, 'drooling_level': 1, 'shedding_level': 4, 'playfulness_level': 3, 'adaptability_level': 3, 'trainability_level': 4, 'good_with_other_dogs': 3, 'openness_to_strangers': 3, 'coat_grooming_frequency': 2, 'affectionate_with_family': 3, 'good_with_young_children': 3, 'mental_stimulation_needs': 3, 'watchdog_protective_nature': 4}",,2025-11-17 21:41:36.719864+00:00
1794f0ae-cfa6-48d6-a2d2-ca0eb83a2b0d,Cane Corso,"{'breed': 'Cane\xa0Corso', 'coat_type': 'Smooth', 'coat_length': 'Short', 'energy_level': 4, 'barking_level': 3, 'drooling_level': 3, 'shedding_level': 2, 'playfulness_level': 3, 'adaptability_level': 3, 'trainability_level': 4, 'good_with_other_dogs': 3, 'openness_to_strangers': 3, 'coat_grooming_frequency': 1, 'affectionate_with_family': 4, 'good_with_young_children': 3, 'mental_stimulation_needs': 3, 'watchdog_protective_nature': 5}",,2025-11-17 21:40:50.668624+00:00
8d5ef03e-7f4a-4905-b49b-568b0ea5d81d,Cardigan Welsh Corgis,"{'breed': 'Cardigan\xa0Welsh\xa0Corgis', 'coat_type': 'Double', 'coat_length': 'Medium', 'energy_level': 4, 'barking_level': 5, 'drooling_level': 1, 'shedding_level': 3, 'playfulness_level': 4, 'adaptability_level': 3, 'trainability_level': 4, 'good_with_other_dogs': 3, 'openness_to_strangers': 4, 'coat_grooming_frequency': 2, 'affectionate_with_family': 4, 'good_with_young_children': 4, 'mental_stimulation_needs': 4, 'watchdog_protective_nature': 3}",,2025-11-17 21:41:04.912580+00:00
5a495579-2d4c-4001-9f9c-37651384e60a,Cavalier King Charles Spaniels,"{'breed': 'Cavalier\xa0King\xa0Charles\xa0Spaniels', 'coat_type': 'Wavy', 'coat_length': 'Medium', 'energy_level': 3, 'barking_level': 3, 'drooling_level': 2, 'shedding_level': 2, 'playfulness_level': 3, 'adaptability_level': 3, 'trainability_level': 4, 'good_with_other_dogs': 5, 'openness_to_strangers': 4, 'coat_grooming_frequency': 2, 'affectionate_with_family': 5, 'good_with_young_children': 5, 'mental_stimulation_needs': 3, 'watchdog_protective_nature': 3}",,2025-11-17 21:40:47.060995+00:00
bd869fab-d6c1-4a61-98fd-84292e756ddf,Cesky Terriers,"{'breed': 'Cesky\xa0Terriers', 'coat_type': 'Wavy', 'coat_length': 'Medium', 'energy_level': 3, 'barking_level': 3, 'drooling_level': 1, 'shedding_level': 2, 'playfulness_level': 3, 'adaptability_level': 4, 'trainability_level': 3, 'good_with_other_dogs': 3, 'openness_to_strangers': 4, 'coat_grooming_frequency': 2, 'affectionate_with_family': 4, 'good_with_young_children': 5, 'mental_stimulation_needs': 3, 'watchdog_protective_nature': 3}",,2025-11-17 21:41:38.083294+00:00
d785a276-871d-4964-8d31-c34f973b0504,Chihuahuas,"{'breed': 'Chihuahuas', 'coat_type': 'Smooth', 'coat_length': 'Short', 'energy_level': 4, 'barking_level': 5, 'drooling_level': 1, 'shedding_level': 2, 'playfulness_level': 4, 'adaptability_level': 4, 'trainability_level': 3, 'good_with_other_dogs': 3, 'openness_to_strangers': 2, 'coat_grooming_frequency': 1, 'affectionate_with_family': 4, 'good_with_young_children': 1, 'mental_stimulation_needs': 3, 'watchdog_protective_nature': 4}",,2025-11-17 21:40:54.536583+00:00
86f9c915-6bed-4167-98d6-b65fd80094bf,Chinese Crested,"{'breed': 'Chinese\xa0Crested', 'coat_type': 'Hairless', 'coat_length': 'Short', 'energy_level': 3, 'barking_level': 3, 'drooling_level': 1, 'shedding_level': 1, 'playfulness_level': 3, 'adaptability_level': 4, 'trainability_level': 4, 'good_with_other_dogs': 3, 'openness_to_strangers': 4, 'coat_grooming_frequency': 2, 'affectionate_with_family': 4, 'good_with_young_children': 3, 'mental_stimulation_needs': 3, 'watchdog_protective_nature': 3}",,2025-11-17 21:41:07.557501+00:00
9aaed401-037b-4444-8fd5-f444d04b4543,Chinese Shar-Pei,"{'breed': 'Chinese\xa0Shar-Pei', 'coat_type': 'Smooth', 'coat_length': 'Short', 'energy_level': 3, 'barking_level': 3, 'drooling_level': 3, 'shedding_level': 3, 'playfulness_level': 3, 'adaptability_level': 4, 'trainability_level': 3, 'good_with_other_dogs': 3, 'openness_to_strangers': 3, 'coat_grooming_frequency': 1, 'affectionate_with_family': 4, 'good_with_young_children': 3, 'mental_stimulation_needs': 3, 'watchdog_protective_nature': 4}",,2025-11-17 21:41:04.912580+00:00
4ba4d73e-79ee-4ddf-988d-1b33acf50076,Chinooks,"{'breed': 'Chinooks', 'coat_type': 'Smooth', 'coat_length': 'Medium', 'energy_level': 3, 'barking_level': 5, 'drooling_level': 1, 'shedding_level': 3, 'playfulness_level': 3, 'adaptability_level': 4, 'trainability_level': 4, 'good_with_other_dogs': 5, 'openness_to_strangers': 3, 'coat_grooming_frequency': 3, 'affectionate_with_family': 4, 'good_with_young_children': 5, 'mental_stimulation_needs': 3, 'watchdog_protective_nature': 4}",,2025-11-17 21:41:36.719864+00:00
dff943d1-b15b-45d5-9622-2aa8487ed97c,Chow Chows,"{'breed': 'Chow\xa0Chows', 'coat_type': 'Smooth', 'coat_length': 'Medium', 'energy_level': 3, 'barking_level': 1, 'drooling_level': 3, 'shedding_level': 3, 'playfulness_level': 3, 'adaptability_level': 3, 'trainability_level': 3, 'good_with_other_dogs': 2, 'openness_to_strangers': 2, 'coat_grooming_frequency': 3, 'affectionate_with_family': 4, 'good_with_young_children': 3, 'mental_stimulation_needs': 3, 'watchdog_protective_nature': 5}",,2025-11-17 21:41:10.171569+00:00
0f145fdd-b01e-4175-a695-13f823c59667,Cirnechi dell’Etna,"{'breed': 'Cirnechi\xa0dell’Etna', 'coat_type': 'Smooth', 'coat_length': 'Short', 'energy_level': 3, 'barking_level': 2, 'drooling_level': 1, 'shedding_level': 1, 'playfulness_level': 4, 'adaptability_level': 4, 'trainability_level': 4, 'good_with_other_dogs': 4, 'openness_to_strangers': 3, 'coat_grooming_frequency': 1, 'affectionate_with_family': 4, 'good_with_young_children': 3, 'mental_stimulation_needs': 3, 'watchdog_protective_nature': 3}",,2025-11-17 21:41:34.077757+00:00
4bb2dde0-53b7-4155-9010-a80fe1c7926e,Collies,"{'breed': 'Collies', 'coat_type': 'Smooth', 'coat_length': 'Short', 'energy_level': 3, 'barking_level': 5, 'drooling_level': 2, 'shedding_level': 3, 'playfulness_level': 4, 'adaptability_level': 4, 'trainability_level': 4, 'good_with_other_dogs': 3, 'openness_to_strangers': 3, 'coat_grooming_frequency': 3, 'affectionate_with_family': 4, 'good_with_young_children': 5, 'mental_stimulation_needs': 3, 'watchdog_protective_nature': 3}",,2025-11-17 21:40:54.536583+00:00
cebf6669-d76d-499a-84a0-39176848d195,Coton de Tulear,"{'breed': 'Coton\xa0de\xa0Tulear', 'coat_type': 'Double', 'coat_length': 'Long', 'energy_level': 3, 'barking_level': 1, 'drooling_level': 1, 'shedding_level': 2, 'playfulness_level': 4, 'adaptability_level': 4, 'trainability_level': 4, 'good_with_other_dogs': 5, 'openness_to_strangers': 5, 'coat_grooming_frequency': 4, 'affectionate_with_family': 5, 'good_with_young_children': 5, 'mental_stimulation_needs': 3, 'watchdog_protective_nature': 3}",,2025-11-17 21:41:07.557501+00:00
83820d95-e42a-4840-a89b-c8af53f73a59,Dachshunds,"{'breed': 'Dachshunds', 'coat_type': 'Smooth', 'coat_length': 'Short', 'energy_level': 3, 'barking_level': 5, 'drooling_level': 2, 'shedding_level': 2, 'playfulness_level': 4, 'adaptability_level': 4, 'trainability_level': 4, 'good_with_other_dogs': 4, 'openness_to_strangers': 4, 'coat_grooming_frequency': 2, 'affectionate_with_family': 5, 'good_with_young_children': 3, 'mental_stimulation_needs': 3, 'watchdog_protective_nature': 4}",,2025-11-17 21:40:43.310838+00:00
f71b420b-f015-4450-8c1c-75c3e24d7572,Dalmatians,"{'breed': 'Dalmatians', 'coat_type': 'Smooth', 'coat_length': 'Short', 'energy_level': 4, 'barking_level': 3, 'drooling_level': 2, 'shedding_level': 4, 'playfulness_level': 4, 'adaptability_level': 4, 'trainability_level': 4, 'good_with_other_dogs': 3, 'openness_to_strangers': 4, 'coat_grooming_frequency': 2, 'affectionate_with_family': 5, 'good_with_young_children': 3, 'mental_stimulation_needs': 4, 'watchdog_protective_nature': 4}",,2025-11-17 21:41:02.289528+00:00
1f9ef0f5-a7f6-435e-924a-15fdb1f25be2,Dandie Dinmont Terriers,"{'breed': 'Dandie\xa0Dinmont\xa0Terriers', 'coat_type': 'Double', 'coat_length': 'Medium', 'energy_level': 3, 'barking_level': 3, 'drooling_level': 1, 'shedding_level': 2, 'playfulness_level': 3, 'adaptability_level': 3, 'trainability_level': 4, 'good_with_other_dogs': 3, 'openness_to_strangers': 4, 'coat_grooming_frequency': 3, 'affectionate_with_family': 4, 'good_with_young_children': 3, 'mental_stimulation_needs': 3, 'watchdog_protective_nature': 4}",,2025-11-17 21:41:36.719864+00:00
9f9bfcf3-228a-46b4-a032-6fe836b78587,Doberman Pinschers,"{'breed': 'Doberman\xa0Pinschers', 'coat_type': 'Smooth', 'coat_length': 'Short', 'energy_level': 5, 'barking_level': 3, 'drooling_level': 2, 'shedding_level': 4, 'playfulness_level': 4, 'adaptability_level': 4, 'trainability_level': 5, 'good_with_other_dogs': 3, 'openness_to_strangers': 4, 'coat_grooming_frequency': 1, 'affectionate_with_family': 5, 'good_with_young_children': 5, 'mental_stimulation_needs': 4, 'watchdog_protective_nature': 5}",,2025-11-17 21:40:47.060995+00:00
e57f5c13-041a-4e26-8feb-76388c0f7d30,Dogo Argentinos,"{'breed': 'Dogo\xa0Argentinos', 'coat_type': 'Smooth', 'coat_length': 'Short', 'energy_level': 5, 'barking_level': 3, 'drooling_level': 3, 'shedding_level': 4, 'playfulness_level': 4, 'adaptability_level': 4, 'trainability_level': 5, 'good_with_other_dogs': 3, 'openness_to_strangers': 4, 'coat_grooming_frequency': 1, 'affectionate_with_family': 5, 'good_with_young_children': 3, 'mental_stimulation_needs': 4, 'watchdog_protective_nature': 5}",,2025-11-17 21:41:12.842829+00:00
a1afad77-f00c-41f9-a455-ffa3b45b0f7e,Dogues de Bordeaux,"{'breed': 'Dogues\xa0de\xa0Bordeaux', 'coat_type': 'Smooth', 'coat_length': 'Short', 'energy_level': 3, 'barking_level': 3, 'drooling_level': 5, 'shedding_level': 4, 'playfulness_level': 3, 'adaptability_level': 4, 'trainability_level': 4, 'good_with_other_dogs': 3, 'openness_to_strangers': 3, 'coat_grooming_frequency': 1, 'affectionate_with_family': 5, 'good_with_young_children': 3, 'mental_stimulation_needs': 4, 'watchdog_protective_nature': 5}",,2025-11-17 21:41:07.557501+00:00
ffbbbcb3-84a7-4a6c-9bdf-cb03b308ad34,English Foxhounds,"{'breed': 'English\xa0Foxhounds', 'coat_type': 'Double', 'coat_length': 'Short', 'energy_level': 4, 'barking_level': 5, 'drooling_level': 2, 'shedding_level': 3, 'playfulness_level': 4, 'adaptability_level': 4, 'trainability_level': 4, 'good_with_other_dogs': 5, 'openness_to_strangers': 4, 'coat_grooming_frequency': 1, 'affectionate_with_family': 5, 'good_with_young_children': 5, 'mental_stimulation_needs': 4, 'watchdog_protective_nature': 3}",,2025-11-17 21:41:38.083294+00:00
5a7bb8e5-144f-4bec-b89c-dde6b41b0814,English Toy Spaniels,"{'breed': 'English\xa0Toy\xa0Spaniels', 'coat_type': 'Double', 'coat_length': 'Medium', 'energy_level': 3, 'barking_level': 2, 'drooling_level': 2, 'shedding_level': 3, 'playfulness_level': 4, 'adaptability_level': 4, 'trainability_level': 3, 'good_with_other_dogs': 5, 'openness_to_strangers': 3, 'coat_grooming_frequency': 3, 'affectionate_with_family': 5, 'good_with_young_children': 5, 'mental_stimulation_needs': 3, 'watchdog_protective_nature': 3}",,2025-11-17 21:41:23.386979+00:00
c0adc5b2-a5a7-4f80-8954-7b81f6977267,Entlebucher Mountain Dogs,"{'breed': 'Entlebucher\xa0Mountain\xa0Dogs', 'coat_type': 'Smooth', 'coat_length': 'Short', 'energy_level': 5, 'barking_level': 3, 'drooling_level': 2, 'shedding_level': 3, 'playfulness_level': 3, 'adaptability_level': 4, 'trainability_level': 3, 'good_with_other_dogs': 5, 'openness_to_strangers': 3, 'coat_grooming_frequency': 1, 'affectionate_with_family': 5, 'good_with_young_children': 3, 'mental_stimulation_needs': 4, 'watchdog_protective_nature': 5}",,2025-11-17 21:41:28.904259+00:00
7b118ff2-2801-4e05-a013-d5bafa736c55,Finnish Lapphunds,"{'breed': 'Finnish\xa0Lapphunds', 'coat_type': 'Double', 'coat_length': 'Medium', 'energy_level': 3, 'barking_level': 5, 'drooling_level': 2, 'shedding_level': 4, 'playfulness_level': 3, 'adaptability_level': 4, 'trainability_level': 4, 'good_with_other_dogs': 3, 'openness_to_strangers': 4, 'coat_grooming_frequency': 2, 'affectionate_with_family': 5, 'good_with_young_children': 4, 'mental_stimulation_needs': 3, 'watchdog_protective_nature': 3}",,2025-11-17 21:41:31.493235+00:00
ead95ac1-5558-4d61-bf53-fcb6aa1e86be,Finnish Spitz,"{'breed': 'Finnish\xa0Spitz', 'coat_type': 'Double', 'coat_length': 'Medium', 'energy_level': 5, 'barking_level': 5, 'drooling_level': 2, 'shedding_level': 3, 'playfulness_level': 3, 'adaptability_level': 4, 'trainability_level': 3, 'good_with_other_dogs': 4, 'openness_to_strangers': 3, 'coat_grooming_frequency': 2, 'affectionate_with_family': 5, 'good_with_young_children': 5, 'mental_stimulation_needs': 4, 'watchdog_protective_nature': 3}",,2025-11-17 21:41:36.719864+00:00
426fc69e-6c41-4748-8232-1144ce6554b3,Fox Terriers (Smooth),"{'breed': 'Fox\xa0Terriers\xa0(Smooth)', 'coat_type': 'Smooth', 'coat_length': 'Short', 'energy_level': 4, 'barking_level': 5, 'drooling_level': 1, 'shedding_level': 3, 'playfulness_level': 4, 'adaptability_level': 4, 'trainability_level': 3, 'good_with_other_dogs': 3, 'openness_to_strangers': 3, 'coat_grooming_frequency': 2, 'affectionate_with_family': 5, 'good_with_young_children': 3, 'mental_stimulation_needs': 3, 'watchdog_protective_nature': 5}",,2025-11-17 21:41:20.739330+00:00
56778adb-7405-4c68-9828-2e73bd189d8b,Fox Terriers (Wire),"{'breed': 'Fox\xa0Terriers\xa0(Wire)', 'coat_type': 'Wiry', 'coat_length': 'Medium', 'energy_level': 4, 'barking_level': 4, 'drooling_level': 2, 'shedding_level': 2, 'playfulness_level': 4, 'adaptability_level': 4, 'trainability_level': 4, 'good_with_other_dogs': 3, 'openness_to_strangers': 5, 'coat_grooming_frequency': 3, 'affectionate_with_family': 5, 'good_with_young_children': 5, 'mental_stimulation_needs': 4, 'watchdog_protective_nature': 4}",,2025-11-17 21:41:15.506807+00:00
8c112b06-a565-48c5-a670-b7f9a43abd3e,French Bulldogs,"{'breed': 'French\xa0Bulldogs', 'coat_type': 'Smooth', 'coat_length': 'Short', 'energy_level': 3, 'barking_level': 1, 'drooling_level': 3, 'shedding_level': 3, 'playfulness_level': 5, 'adaptability_level': 5, 'trainability_level': 4, 'good_with_other_dogs': 4, 'openness_to_strangers': 5, 'coat_grooming_frequency': 1, 'affectionate_with_family': 5, 'good_with_young_children': 5, 'mental_stimulation_needs': 3, 'watchdog_protective_nature': 3}",,2025-11-17 21:40:43.310838+00:00
11616ca5-4f6b-41ac-b3c7-26610f1a5543,German Pinschers,"{'breed': 'German\xa0Pinschers', 'coat_type': 'Smooth', 'coat_length': 'Short', 'energy_level': 5, 'barking_level': 3, 'drooling_level': 1, 'shedding_level': 3, 'playfulness_level': 4, 'adaptability_level': 3, 'trainability_level': 5, 'good_with_other_dogs': 3, 'openness_to_strangers': 3, 'coat_grooming_frequency': 1, 'affectionate_with_family': 5, 'good_with_young_children': 3, 'mental_stimulation_needs': 4, 'watchdog_protective_nature': 4}",,2025-11-17 21:41:23.386979+00:00
059a95c2-e9d2-4913-af51-b48ea632a40d,German Shepherd Dogs,"{'breed': 'German\xa0Shepherd\xa0Dogs', 'coat_type': 'Double', 'coat_length': 'Medium', 'energy_level': 5, 'barking_level': 3, 'drooling_level': 2, 'shedding_level': 4, 'playfulness_level': 4, 'adaptability_level': 5, 'trainability_level': 5, 'good_with_other_dogs': 3, 'openness_to_strangers': 3, 'coat_grooming_frequency': 2, 'affectionate_with_family': 5, 'good_with_young_children': 5, 'mental_stimulation_needs': 5, 'watchdog_protective_nature': 5}",,2025-11-17 21:40:43.310838+00:00
151bb8aa-3df7-4111-b31c-79f01e31f5bd,Giant Schnauzers,"{'breed': 'Giant\xa0Schnauzers', 'coat_type': 'Wiry', 'coat_length': 'Medium', 'energy_level': 5, 'barking_level': 3, 'drooling_level': 2, 'shedding_level': 3, 'playfulness_level': 4, 'adaptability_level': 4, 'trainability_level': 5, 'good_with_other_dogs': 3, 'openness_to_strangers': 3, 'coat_grooming_frequency': 4, 'affectionate_with_family': 5, 'good_with_young_children': 3, 'mental_stimulation_needs': 4, 'watchdog_protective_nature': 5}",,2025-11-17 21:41:04.912580+00:00
e57ec2fc-282a-4f66-b8ec-a07c7627799d,Glen of Imaal Terriers,"{'breed': 'Glen\xa0of\xa0Imaal\xa0Terriers', 'coat_type': 'Wiry', 'coat_length': 'Medium', 'energy_level': 3, 'barking_level': 2, 'drooling_level': 2, 'shedding_level': 2, 'playfulness_level': 3, 'adaptability_level': 4, 'trainability_level': 3, 'good_with_other_dogs': 3, 'openness_to_strangers': 3, 'coat_grooming_frequency': 3, 'affectionate_with_family': 5, 'good_with_young_children': 3, 'mental_stimulation_needs': 3, 'watchdog_protective_nature': 3}",,2025-11-17 21:41:31.493235+00:00
640266f6-5ce6-4db6-bb16-a30f862ae51a,Grand Basset Griffon Vendeens,"{'breed': 'Grand\xa0Basset\xa0Griffon\xa0Vendeens', 'coat_type': 'Wiry', 'coat_length': 'Medium', 'energy_level': 5, 'barking_level': 4, 'drooling_level': 2, 'shedding_level': 3, 'playfulness_level': 4, 'adaptability_level': 4, 'trainability_level': 3, 'good_with_other_dogs': 4, 'openness_to_strangers': 5, 'coat_grooming_frequency': 2, 'affectionate_with_family': 5, 'good_with_young_children': 3, 'mental_stimulation_needs': 4, 'watchdog_protective_nature': 3}",,2025-11-17 21:41:36.719864+00:00
b292fff0-6926-4c22-bdbf-3ea549ab642f,Great Danes,"{'breed': 'Great\xa0Danes', 'coat_type': 'Smooth', 'coat_length': 'Short', 'energy_level': 4, 'barking_level': 3, 'drooling_level': 4, 'shedding_level': 3, 'playfulness_level': 4, 'adaptability_level': 4, 'trainability_level': 3, 'good_with_other_dogs': 3, 'openness_to_strangers': 3, 'coat_grooming_frequency': 1, 'affectionate_with_family': 5, 'good_with_young_children': 3, 'mental_stimulation_needs': 4, 'watchdog_protective_nature': 5}",,2025-11-17 21:40:47.060995+00:00
ae3984dc-dd4f-47b6-89d3-dab875c281b6,Great Pyrenees,"{'breed': 'Great\xa0Pyrenees', 'coat_type': 'Double', 'coat_length': 'Medium', 'energy_level': 3, 'barking_level': 3, 'drooling_level': 3, 'shedding_level': 3, 'playfulness_level': 3, 'adaptability_level': 3, 'trainability_level': 3, 'good_with_other_dogs': 3, 'openness_to_strangers': 3, 'coat_grooming_frequency': 2, 'affectionate_with_family': 5, 'good_with_young_children': 3, 'mental_stimulation_needs': 3, 'watchdog_protective_nature': 5}",,2025-11-17 21:41:04.912580+00:00
103abc63-d8a7-496f-bdd7-fa7ab09dc907,Greater Swiss Mountain Dogs,"{'breed': 'Greater\xa0Swiss\xa0Mountain\xa0Dogs', 'coat_type': 'Smooth', 'coat_length': 'Short', 'energy_level': 4, 'barking_level': 3, 'drooling_level': 3, 'shedding_level': 3, 'playfulness_level': 4, 'adaptability_level': 3, 'trainability_level': 4, 'good_with_other_dogs': 3, 'openness_to_strangers': 5, 'coat_grooming_frequency': 2, 'affectionate_with_family': 5, 'good_with_young_children': 5, 'mental_stimulation_needs': 4, 'watchdog_protective_nature': 4}",,2025-11-17 21:41:07.557501+00:00
32022ea2-16d4-4bf1-b18e-2a656121350a,Greyhounds,"{'breed': 'Greyhounds', 'coat_type': 'Smooth', 'coat_length': 'Short', 'energy_level': 4, 'barking_level': 3, 'drooling_level': 1, 'shedding_level': 2, 'playfulness_level': 3, 'adaptability_level': 4, 'trainability_level': 3, 'good_with_other_dogs': 4, 'openness_to_strangers': 3, 'coat_grooming_frequency': 1, 'affectionate_with_family': 4, 'good_with_young_children': 3, 'mental_stimulation_needs': 3, 'watchdog_protective_nature': 3}",,2025-11-17 21:41:25.997928+00:00
f36aa810-2bba-4213-87b8-621c1e75f77f,Harriers,"{'breed': 'Harriers', 'coat_type': 'Double', 'coat_length': 'Short', 'energy_level': 4, 'barking_level': 5, 'drooling_level': 2, 'shedding_level': 3, 'playfulness_level': 4, 'adaptability_level': 4, 'trainability_level': 4, 'good_with_other_dogs': 5, 'openness_to_strangers': 4, 'coat_grooming_frequency': 1, 'affectionate_with_family': 5, 'good_with_young_children': 5, 'mental_stimulation_needs': 4, 'watchdog_protective_nature': 3}",,2025-11-17 21:41:36.719864+00:00
e44514d0-820b-450a-9131-6f89f173a1ec,Havanese,"{'breed': 'Havanese', 'coat_type': 'Double', 'coat_length': 'Long', 'energy_level': 3, 'barking_level': 4, 'drooling_level': 1, 'shedding_level': 2, 'playfulness_level': 5, 'adaptability_level': 5, 'trainability_level': 4, 'good_with_other_dogs': 5, 'openness_to_strangers': 5, 'coat_grooming_frequency': 3, 'affectionate_with_family': 5, 'good_with_young_children': 5, 'mental_stimulation_needs': 3, 'watchdog_protective_nature': 3}",,2025-11-17 21:40:50.668624+00:00
ab5ddebb-f73f-4b85-b021-c67de0362693,Ibizan Hounds,"{'breed': 'Ibizan\xa0Hounds', 'coat_type': 'Wiry', 'coat_length': 'Short', 'energy_level': 5, 'barking_level': 3, 'drooling_level': 1, 'shedding_level': 2, 'playfulness_level': 4, 'adaptability_level': 4, 'trainability_level': 3, 'good_with_other_dogs': 5, 'openness_to_strangers': 3, 'coat_grooming_frequency': 1, 'affectionate_with_family': 5, 'good_with_young_children': 3, 'mental_stimulation_needs': 5, 'watchdog_protective_nature': 3}",,2025-11-17 21:41:34.077757+00:00
6c704202-17f6-4f5d-8472-c90e4bda6c0c,Icelandic Sheepdogs,"{'breed': 'Icelandic\xa0Sheepdogs', 'coat_type': 'Double', 'coat_length': 'Medium', 'energy_level': 4, 'barking_level': 4, 'drooling_level': 2, 'shedding_level': 3, 'playfulness_level': 3, 'adaptability_level': 4, 'trainability_level': 5, 'good_with_other_dogs': 4, 'openness_to_strangers': 3, 'coat_grooming_frequency': 2, 'affectionate_with_family': 5, 'good_with_young_children': 5, 'mental_stimulation_needs': 5, 'watchdog_protective_nature': 4}",,2025-11-17 21:41:28.904259+00:00
9c56549e-1c92-4dbf-8d68-4bd50c1e6bd3,Irish Terriers,"{'breed': 'Irish\xa0Terriers', 'coat_type': 'Wiry', 'coat_length': 'Medium', 'energy_level': 3, 'barking_level': 3, 'drooling_level': 1, 'shedding_level': 2, 'playfulness_level': 3, 'adaptability_level': 4, 'trainability_level': 3, 'good_with_other_dogs': 1, 'openness_to_strangers': 3, 'coat_grooming_frequency': 1, 'affectionate_with_family': 5, 'good_with_young_children': 5, 'mental_stimulation_needs': 4, 'watchdog_protective_nature': 5}",,2025-11-17 21:41:18.146292+00:00
0236e5b4-b1da-4c87-a241-05f46f724b65,Irish Wolfhounds,"{'breed': 'Irish\xa0Wolfhounds', 'coat_type': 'Wiry', 'coat_length': 'Medium', 'energy_level': 3, 'barking_level': 1, 'drooling_level': 2, 'shedding_level': 3, 'playfulness_level': 3, 'adaptability_level': 3, 'trainability_level': 3, 'good_with_other_dogs': 4, 'openness_to_strangers': 3, 'coat_grooming_frequency': 2, 'affectionate_with_family': 5, 'good_with_young_children': 3, 'mental_stimulation_needs': 3, 'watchdog_protective_nature': 5}",,2025-11-17 21:41:07.557501+00:00
3358c457-05fa-4bc1-a4be-f17b0fed07da,Italian Greyhounds,"{'breed': 'Italian\xa0Greyhounds', 'coat_type': 'Smooth', 'coat_length': 'Short', 'energy_level': 3, 'barking_level': 3, 'drooling_level': 1, 'shedding_level': 3, 'playfulness_level': 4, 'adaptability_level': 4, 'trainability_level': 4, 'good_with_other_dogs': 5, 'openness_to_strangers': 5, 'coat_grooming_frequency': 1, 'affectionate_with_family': 5, 'good_with_young_children': 3, 'mental_stimulation_needs': 3, 'watchdog_protective_nature': 3}",,2025-11-17 21:41:04.912580+00:00
00f28e1f-aa5d-4917-b6eb-874ccc13588d,Japanese Chin,"{'breed': 'Japanese\xa0Chin', 'coat_type': 'Silky', 'coat_length': 'Medium', 'energy_level': 3, 'barking_level': 2, 'drooling_level': 1, 'shedding_level': 3, 'playfulness_level': 3, 'adaptability_level': 4, 'trainability_level': 3, 'good_with_other_dogs': 5, 'openness_to_strangers': 3, 'coat_grooming_frequency': 2, 'affectionate_with_family': 5, 'good_with_young_children': 3, 'mental_stimulation_needs': 3, 'watchdog_protective_nature': 3}",,2025-11-17 21:41:18.146292+00:00
4ff9eea5-0d03-4023-9b50-94c0ce218fab,Keeshonden,"{'breed': 'Keeshonden', 'coat_type': 'Double', 'coat_length': 'Long', 'energy_level': 4, 'barking_level': 4, 'drooling_level': 2, 'shedding_level': 3, 'playfulness_level': 5, 'adaptability_level': 5, 'trainability_level': 5, 'good_with_other_dogs': 5, 'openness_to_strangers': 5, 'coat_grooming_frequency': 3, 'affectionate_with_family': 5, 'good_with_young_children': 5, 'mental_stimulation_needs': 4, 'watchdog_protective_nature': 5}",,2025-11-17 21:41:12.842829+00:00
04d9693f-7c41-42c1-815f-af832c343059,Kerry Blue Terriers,"{'breed': 'Kerry\xa0Blue\xa0Terriers', 'coat_type': 'Wavy', 'coat_length': 'Medium', 'energy_level': 4, 'barking_level': 4, 'drooling_level': 2, 'shedding_level': 1, 'playfulness_level': 3, 'adaptability_level': 3, 'trainability_level': 3, 'good_with_other_dogs': 2, 'openness_to_strangers': 3, 'coat_grooming_frequency': 3, 'affectionate_with_family': 5, 'good_with_young_children': 4, 'mental_stimulation_needs': 4, 'watchdog_protective_nature': 5}",,2025-11-17 21:41:23.386979+00:00
9de30be7-b704-41ae-8d47-2f6cd708a023,Komondorok,"{'breed': 'Komondorok', 'coat_type': 'Corded', 'coat_length': 'Long', 'energy_level': 3, 'barking_level': 3, 'drooling_level': 2, 'shedding_level': 1, 'playfulness_level': 3, 'adaptability_level': 3, 'trainability_level': 4, 'good_with_other_dogs': 2, 'openness_to_strangers': 3, 'coat_grooming_frequency': 4, 'affectionate_with_family': 5, 'good_with_young_children': 3, 'mental_stimulation_needs': 3, 'watchdog_protective_nature': 5}",,2025-11-17 21:41:34.077757+00:00
e95df82b-7392-4f4a-8e01-48d8311d3fed,Kuvaszok,"{'breed': 'Kuvaszok', 'coat_type': 'Double', 'coat_length': 'Medium', 'energy_level': 3, 'barking_level': 3, 'drooling_level': 2, 'shedding_level': 3, 'playfulness_level': 3, 'adaptability_level': 4, 'trainability_level': 5, 'good_with_other_dogs': 3, 'openness_to_strangers': 3, 'coat_grooming_frequency': 2, 'affectionate_with_family': 5, 'good_with_young_children': 3, 'mental_stimulation_needs': 3, 'watchdog_protective_nature': 5}",,2025-11-17 21:41:34.077757+00:00
56d86f8c-9501-4be9-bf20-51daba3297e7,Lagotti Romagnoli,"{'breed': 'Lagotti\xa0Romagnoli', 'coat_type': 'Double', 'coat_length': 'Medium', 'energy_level': 4, 'barking_level': 2, 'drooling_level': 2, 'shedding_level': 1, 'playfulness_level': 4, 'adaptability_level': 4, 'trainability_level': 4, 'good_with_other_dogs': 5, 'openness_to_strangers': 4, 'coat_grooming_frequency': 2, 'affectionate_with_family': 5, 'good_with_young_children': 3, 'mental_stimulation_needs': 4, 'watchdog_protective_nature': 3}",,2025-11-17 21:41:10.171569+00:00
8aee289c-199d-47b8-bf4a-0942e835ef2d,Lakeland Terriers,"{'breed': 'Lakeland\xa0Terriers', 'coat_type': 'Wiry', 'coat_length': 'Short', 'energy_level': 3, 'barking_level': 3, 'drooling_level': 1, 'shedding_level': 2, 'playfulness_level': 4, 'adaptability_level': 4, 'trainability_level': 3, 'good_with_other_dogs': 3, 'openness_to_strangers': 3, 'coat_grooming_frequency': 2, 'affectionate_with_family': 5, 'good_with_young_children': 3, 'mental_stimulation_needs': 4, 'watchdog_protective_nature': 3}",,2025-11-17 21:41:23.386979+00:00
f2e82769-96df-4689-aafd-8c511493252b,Leonbergers,"{'breed': 'Leonbergers', 'coat_type': 'Double', 'coat_length': 'Long', 'energy_level': 3, 'barking_level': 3, 'drooling_level': 3, 'shedding_level': 4, 'playfulness_level': 3, 'adaptability_level': 4, 'trainability_level': 5, 'good_with_other_dogs': 3, 'openness_to_strangers': 5, 'coat_grooming_frequency': 4, 'affectionate_with_family': 5, 'good_with_young_children': 5, 'mental_stimulation_needs': 4, 'watchdog_protective_nature': 4}",,2025-11-17 21:41:12.842829+00:00
d10c5971-444b-40e2-87bd-2712d2cceb5a,Lhasa Apsos,"{'breed': 'Lhasa\xa0Apsos', 'coat_type': 'Silky', 'coat_length': 'Long', 'energy_level': 3, 'barking_level': 3, 'drooling_level': 1, 'shedding_level': 1, 'playfulness_level': 3, 'adaptability_level': 5, 'trainability_level': 3, 'good_with_other_dogs': 3, 'openness_to_strangers': 3, 'coat_grooming_frequency': 3, 'affectionate_with_family': 5, 'good_with_young_children': 3, 'mental_stimulation_needs': 3, 'watchdog_protective_nature': 5}",,2025-11-17 21:41:07.557501+00:00
0f89aad2-fa82-4f90-aaa5-23df95a59ccd,Lowchen,"{'breed': 'Lowchen', 'coat_type': 'Wavy', 'coat_length': 'Long', 'energy_level': 3, 'barking_level': 3, 'drooling_level': 1, 'shedding_level': 2, 'playfulness_level': 4, 'adaptability_level': 4, 'trainability_level': 4, 'good_with_other_dogs': 3, 'openness_to_strangers': 3, 'coat_grooming_frequency': 2, 'affectionate_with_family': 5, 'good_with_young_children': 5, 'mental_stimulation_needs': 3, 'watchdog_protective_nature': 4}",,2025-11-17 21:41:31.493235+00:00
962f934e-7fdd-446b-a72a-77b917ba3bf1,Maltese,"{'breed': 'Maltese', 'coat_type': 'Silky', 'coat_length': 'Long', 'energy_level': 3, 'barking_level': 3, 'drooling_level': 1, 'shedding_level': 1, 'playfulness_level': 3, 'adaptability_level': 4, 'trainability_level': 3, 'good_with_other_dogs': 3, 'openness_to_strangers': 3, 'coat_grooming_frequency': 4, 'affectionate_with_family': 5, 'good_with_young_children': 3, 'mental_stimulation_needs': 3, 'watchdog_protective_nature': 4}",,2025-11-17 21:40:54.536583+00:00
a2421e89-8c7e-4106-aa25-250f293dc106,Manchester Terriers,"{'breed': 'Manchester\xa0Terriers', 'coat_type': 'Smooth', 'coat_length': 'Short', 'energy_level': 4, 'barking_level': 4, 'drooling_level': 1, 'shedding_level': 2, 'playfulness_level': 4, 'adaptability_level': 4, 'trainability_level': 4, 'good_with_other_dogs': 3, 'openness_to_strangers': 3, 'coat_grooming_frequency': 2, 'affectionate_with_family': 5, 'good_with_young_children': 4, 'mental_stimulation_needs': 3, 'watchdog_protective_nature': 4}",,2025-11-17 21:41:23.386979+00:00
e3a355a2-10fa-4564-a584-f0deabef246a,Mastiffs,"{'breed': 'Mastiffs', 'coat_type': 'Double', 'coat_length': 'Short', 'energy_level': 3, 'barking_level': 1, 'drooling_level': 4, 'shedding_level': 3, 'playfulness_level': 3, 'adaptability_level': 4, 'trainability_level': 3, 'good_with_other_dogs': 3, 'openness_to_strangers': 3, 'coat_grooming_frequency': 1, 'affectionate_with_family': 5, 'good_with_young_children': 5, 'mental_stimulation_needs': 3, 'watchdog_protective_nature': 5}",,2025-11-17 21:40:54.536583+00:00
8191b527-c17e-485f-9f5f-41d83cd76d35,Miniature American Shepherds,"{'breed': 'Miniature\xa0American\xa0Shepherds', 'coat_type': 'Double', 'coat_length': 'Medium', 'energy_level': 5, 'barking_level': 3, 'drooling_level': 2, 'shedding_level': 3, 'playfulness_level': 4, 'adaptability_level': 4, 'trainability_level': 5, 'good_with_other_dogs': 5, 'openness_to_strangers': 3, 'coat_grooming_frequency': 3, 'affectionate_with_family': 5, 'good_with_young_children': 5, 'mental_stimulation_needs': 5, 'watchdog_protective_nature': 3}",,2025-11-17 21:40:54.536583+00:00
6c1abf6d-e6be-4b12-a095-484c007c305d,Miniature Bull Terriers,"{'breed': 'Miniature\xa0Bull\xa0Terriers', 'coat_type': 'Smooth', 'coat_length': 'Short', 'energy_level': 4, 'barking_level': 5, 'drooling_level': 2, 'shedding_level': 2, 'playfulness_level': 4, 'adaptability_level': 4, 'trainability_level': 3, 'good_with_other_dogs': 3, 'openness_to_strangers': 3, 'coat_grooming_frequency': 1, 'affectionate_with_family': 5, 'good_with_young_children': 3, 'mental_stimulation_needs': 4, 'watchdog_protective_nature': 4}",,2025-11-17 21:41:15.506807+00:00
7f3af9db-51aa-4f6e-a8a7-d8280e9a92f1,Miniature Pinschers,"{'breed': 'Miniature\xa0Pinschers', 'coat_type': 'Smooth', 'coat_length': 'Short', 'energy_level': 5, 'barking_level': 5, 'drooling_level': 1, 'shedding_level': 3, 'playfulness_level': 4, 'adaptability_level': 4, 'trainability_level': 3, 'good_with_other_dogs': 4, 'openness_to_strangers': 3, 'coat_grooming_frequency': 1, 'affectionate_with_family': 5, 'good_with_young_children': 3, 'mental_stimulation_needs': 5, 'watchdog_protective_nature': 5}",,2025-11-17 21:41:07.557501+00:00
8f5cbb42-c25d-4e9b-98b0-2e0d052a4716,Miniature Schnauzers,"{'breed': 'Miniature\xa0Schnauzers', 'coat_type': 'Wiry', 'coat_length': 'Medium', 'energy_level': 3, 'barking_level': 5, 'drooling_level': 2, 'shedding_level': 3, 'playfulness_level': 4, 'adaptability_level': 5, 'trainability_level': 5, 'good_with_other_dogs': 3, 'openness_to_strangers': 3, 'coat_grooming_frequency': 4, 'affectionate_with_family': 5, 'good_with_young_children': 5, 'mental_stimulation_needs': 4, 'watchdog_protective_nature': 4}",,2025-11-17 21:40:47.060995+00:00
a7afa747-bc11-48a6-b217-bb7cf495fd70,Neapolitan Mastiffs,"{'breed': 'Neapolitan\xa0Mastiffs', 'coat_type': 'Smooth', 'coat_length': 'Short', 'energy_level': 2, 'barking_level': 1, 'drooling_level': 5, 'shedding_level': 3, 'playfulness_level': 2, 'adaptability_level': 3, 'trainability_level': 3, 'good_with_other_dogs': 3, 'openness_to_strangers': 3, 'coat_grooming_frequency': 2, 'affectionate_with_family': 3, 'good_with_young_children': 3, 'mental_stimulation_needs': 3, 'watchdog_protective_nature': 5}",,2025-11-17 21:41:12.842829+00:00
97d8ce71-3e60-405e-bb16-1c55214bdbda,Nederlandse Kooikerhondjes,"{'breed': 'Nederlandse\xa0Kooikerhondjes', 'coat_type': 'Double', 'coat_length': 'Medium', 'energy_level': 4, 'barking_level': 3, 'drooling_level': 2, 'shedding_level': 3, 'playfulness_level': 3, 'adaptability_level': 4, 'trainability_level': 5, 'good_with_other_dogs': 3, 'openness_to_strangers': 4, 'coat_grooming_frequency': 2, 'affectionate_with_family': 5, 'good_with_young_children': 3, 'mental_stimulation_needs': 4, 'watchdog_protective_nature': 3}",,2025-11-17 21:41:31.493235+00:00
b4aaeddb-8a22-4a9d-9b8e-0a7692f343d9,Newfoundlands,"{'breed': 'Newfoundlands', 'coat_type': 'Double', 'coat_length': 'Medium', 'energy_level': 3, 'barking_level': 1, 'drooling_level': 5, 'shedding_level': 3, 'playfulness_level': 3, 'adaptability_level': 4, 'trainability_level': 3, 'good_with_other_dogs': 5, 'openness_to_strangers': 5, 'coat_grooming_frequency': 2, 'affectionate_with_family': 5, 'good_with_young_children': 5, 'mental_stimulation_needs': 3, 'watchdog_protective_nature': 5}",,2025-11-17 21:40:58.474005+00:00
2f2d8f9a-8859-4e1a-b7ca-10ce85ad5326,Norfolk Terriers,"{'breed': 'Norfolk\xa0Terriers', 'coat_type': 'Wiry', 'coat_length': 'Short', 'energy_level': 4, 'barking_level': 4, 'drooling_level': 1, 'shedding_level': 3, 'playfulness_level': 4, 'adaptability_level': 4, 'trainability_level': 3, 'good_with_other_dogs': 3, 'openness_to_strangers': 5, 'coat_grooming_frequency': 2, 'affectionate_with_family': 5, 'good_with_young_children': 5, 'mental_stimulation_needs': 4, 'watchdog_protective_nature': 4}",,2025-11-17 21:41:20.739330+00:00
9d304cd6-3030-4890-a0b2-94a1645b9cdc,Norwegian Buhunds,"{'breed': 'Norwegian\xa0Buhunds', 'coat_type': 'Double', 'coat_length': 'Medium', 'energy_level': 4, 'barking_level': 4, 'drooling_level': 1, 'shedding_level': 3, 'playfulness_level': 3, 'adaptability_level': 4, 'trainability_level': 3, 'good_with_other_dogs': 3, 'openness_to_strangers': 3, 'coat_grooming_frequency': 2, 'affectionate_with_family': 5, 'good_with_young_children': 3, 'mental_stimulation_needs': 4, 'watchdog_protective_nature': 4}",,2025-11-17 21:41:31.493235+00:00
bd8dad51-4174-4c64-83d5-8edb16bffdc7,Norwegian Elkhounds,"{'breed': 'Norwegian\xa0Elkhounds', 'coat_type': 'Double', 'coat_length': 'Medium', 'energy_level': 4, 'barking_level': 4, 'drooling_level': 2, 'shedding_level': 3, 'playfulness_level': 4, 'adaptability_level': 4, 'trainability_level': 4, 'good_with_other_dogs': 3, 'openness_to_strangers': 4, 'coat_grooming_frequency': 2, 'affectionate_with_family': 5, 'good_with_young_children': 3, 'mental_stimulation_needs': 4, 'watchdog_protective_nature': 5}",,2025-11-17 21:41:12.842829+00:00
4d4179a6-fef0-4d66-a126-714f47dc9416,Norwegian Lundehunds,"{'breed': 'Norwegian\xa0Lundehunds', 'coat_type': 'Double', 'coat_length': 'Short', 'energy_level': 3, 'barking_level': 3, 'drooling_level': 1, 'shedding_level': 3, 'playfulness_level': 3, 'adaptability_level': 3, 'trainability_level': 3, 'good_with_other_dogs': 3, 'openness_to_strangers': 3, 'coat_grooming_frequency': 2, 'affectionate_with_family': 3, 'good_with_young_children': 3, 'mental_stimulation_needs': 3, 'watchdog_protective_nature': 3}",,2025-11-17 21:41:38.083294+00:00
de8c1141-d644-4794-a811-427df2407938,Norwich Terriers,"{'breed': 'Norwich\xa0Terriers', 'coat_type': 'Wiry', 'coat_length': 'Short', 'energy_level': 4, 'barking_level': 4, 'drooling_level': 1, 'shedding_level': 3, 'playfulness_level': 4, 'adaptability_level': 4, 'trainability_level': 3, 'good_with_other_dogs': 3, 'openness_to_strangers': 5, 'coat_grooming_frequency': 2, 'affectionate_with_family': 5, 'good_with_young_children': 5, 'mental_stimulation_needs': 4, 'watchdog_protective_nature': 4}",,2025-11-17 21:41:15.506807+00:00
2481dbc6-2f90-4d3f-b8e9-6c92c01fbca7,Old English Sheepdogs,"{'breed': 'Old\xa0English\xa0Sheepdogs', 'coat_type': 'Double', 'coat_length': 'Long', 'energy_level': 3, 'barking_level': 3, 'drooling_level': 3, 'shedding_level': 3, 'playfulness_level': 4, 'adaptability_level': 4, 'trainability_level': 4, 'good_with_other_dogs': 3, 'openness_to_strangers': 3, 'coat_grooming_frequency': 4, 'affectionate_with_family': 5, 'good_with_young_children': 5, 'mental_stimulation_needs': 4, 'watchdog_protective_nature': 4}",,2025-11-17 21:41:04.912580+00:00
9fa2e8fd-a4da-43a5-a70e-7dcae45ccf03,Otterhounds,"{'breed': 'Otterhounds', 'coat_type': 'Rough', 'coat_length': 'Medium', 'energy_level': 3, 'barking_level': 5, 'drooling_level': 3, 'shedding_level': 2, 'playfulness_level': 3, 'adaptability_level': 4, 'trainability_level': 4, 'good_with_other_dogs': 3, 'openness_to_strangers': 4, 'coat_grooming_frequency': 2, 'affectionate_with_family': 5, 'good_with_young_children': 3, 'mental_stimulation_needs': 3, 'watchdog_protective_nature': 3}",,2025-11-17 21:41:34.077757+00:00
e0acd664-07bb-4d10-885b-50533b09af3c,Papillons,"{'breed': 'Papillons', 'coat_type': 'Silky', 'coat_length': 'Medium', 'energy_level': 4, 'barking_level': 5, 'drooling_level': 1, 'shedding_level': 3, 'playfulness_level': 5, 'adaptability_level': 5, 'trainability_level': 5, 'good_with_other_dogs': 3, 'openness_to_strangers': 5, 'coat_grooming_frequency': 2, 'affectionate_with_family': 5, 'good_with_young_children': 5, 'mental_stimulation_needs': 5, 'watchdog_protective_nature': 4}",,2025-11-17 21:41:02.289528+00:00
60908722-1c5f-4423-9343-586b0cad0c82,Parson Russell Terriers,"{'breed': 'Parson\xa0Russell\xa0Terriers', 'coat_type': 'Smooth', 'coat_length': 'Short', 'energy_level': 5, 'barking_level': 3, 'drooling_level': 1, 'shedding_level': 2, 'playfulness_level': 4, 'adaptability_level': 4, 'trainability_level': 4, 'good_with_other_dogs': 5, 'openness_to_strangers': 3, 'coat_grooming_frequency': 2, 'affectionate_with_family': 5, 'good_with_young_children': 3, 'mental_stimulation_needs': 4, 'watchdog_protective_nature': 3}",,2025-11-17 21:41:18.146292+00:00
f72c4574-9c02-4a56-8586-bbd8661f08b7,Pekingese,"{'breed': 'Pekingese', 'coat_type': 'Double', 'coat_length': 'Long', 'energy_level': 3, 'barking_level': 1, 'drooling_level': 1, 'shedding_level': 3, 'playfulness_level': 4, 'adaptability_level': 4, 'trainability_level': 3, 'good_with_other_dogs': 3, 'openness_to_strangers': 3, 'coat_grooming_frequency': 3, 'affectionate_with_family': 5, 'good_with_young_children': 3, 'mental_stimulation_needs': 3, 'watchdog_protective_nature': 4}",,2025-11-17 21:41:12.842829+00:00
640d6a22-c468-4036-a066-13b9de46ba0f,Pembroke Welsh Corgis,"{'breed': 'Pembroke\xa0Welsh\xa0Corgis', 'coat_type': 'Double', 'coat_length': 'Short', 'energy_level': 4, 'barking_level': 4, 'drooling_level': 1, 'shedding_level': 4, 'playfulness_level': 4, 'adaptability_level': 4, 'trainability_level': 4, 'good_with_other_dogs': 4, 'openness_to_strangers': 4, 'coat_grooming_frequency': 2, 'affectionate_with_family': 5, 'good_with_young_children': 3, 'mental_stimulation_needs': 4, 'watchdog_protective_nature': 5}",,2025-11-17 21:40:47.060995+00:00
694ba075-c67c-44a7-b35c-49b6730b0908,Petits Bassets Griffons Vendeens,"{'breed': 'Petits\xa0Bassets\xa0Griffons\xa0Vendeens', 'coat_type': 'Rough', 'coat_length': 'Long', 'energy_level': 4, 'barking_level': 5, 'drooling_level': 2, 'shedding_level': 2, 'playfulness_level': 4, 'adaptability_level': 4, 'trainability_level': 3, 'good_with_other_dogs': 5, 'openness_to_strangers': 4, 'coat_grooming_frequency': 2, 'affectionate_with_family': 4, 'good_with_young_children': 5, 'mental_stimulation_needs': 4, 'watchdog_protective_nature': 4}",,2025-11-17 21:41:31.493235+00:00
fa2b7acd-a34e-445c-b650-e5ca346aa1f8,Pharaoh Hounds,"{'breed': 'Pharaoh\xa0Hounds', 'coat_type': 'Smooth', 'coat_length': 'Short', 'energy_level': 4, 'barking_level': 3, 'drooling_level': 1, 'shedding_level': 3, 'playfulness_level': 3, 'adaptability_level': 3, 'trainability_level': 4, 'good_with_other_dogs': 5, 'openness_to_strangers': 3, 'coat_grooming_frequency': 2, 'affectionate_with_family': 5, 'good_with_young_children': 3, 'mental_stimulation_needs': 4, 'watchdog_protective_nature': 3}",,2025-11-17 21:41:34.077757+00:00
ee74809f-6f26-46d9-b7a3-62bb6f14c259,Plott Hounds,"{'breed': 'Plott\xa0Hounds', 'coat_type': 'Smooth', 'coat_length': 'Short', 'energy_level': 4, 'barking_level': 4, 'drooling_level': 2, 'shedding_level': 2, 'playfulness_level': 3, 'adaptability_level': 4, 'trainability_level': 4, 'good_with_other_dogs': 5, 'openness_to_strangers': 4, 'coat_grooming_frequency': 1, 'affectionate_with_family': 5, 'good_with_young_children': 3, 'mental_stimulation_needs': 3, 'watchdog_protective_nature': 4}",,2025-11-17 21:41:31.493235+00:00
7832ca09-e942-405e-a487-96f5cc706fdb,Pointers,"{'breed': 'Pointers', 'coat_type': 'Smooth', 'coat_length': 'Short', 'energy_level': 4, 'barking_level': 3, 'drooling_level': 2, 'shedding_level': 3, 'playfulness_level': 4, 'adaptability_level': 4, 'trainability_level': 5, 'good_with_other_dogs': 5, 'openness_to_strangers': 4, 'coat_grooming_frequency': 2, 'affectionate_with_family': 5, 'good_with_young_children': 3, 'mental_stimulation_needs': 4, 'watchdog_protective_nature': 3}",,2025-11-17 21:41:18.146292+00:00
6de0c844-aba6-4f3c-8e00-287381779a7d,Pointers (German Shorthaired),"{'breed': 'Pointers\xa0(German\xa0Shorthaired)', 'coat_type': 'Smooth', 'coat_length': 'Short', 'energy_level': 5, 'barking_level': 3, 'drooling_level': 2, 'shedding_level': 3, 'playfulness_level': 4, 'adaptability_level': 4, 'trainability_level': 5, 'good_with_other_dogs': 4, 'openness_to_strangers': 4, 'coat_grooming_frequency': 2, 'affectionate_with_family': 5, 'good_with_young_children': 5, 'mental_stimulation_needs': 5, 'watchdog_protective_nature': 4}",,2025-11-17 21:40:43.310838+00:00
6a309513-d3c3-4616-b764-ac7d1e0e87ea,Pointers (German Wirehaired),"{'breed': 'Pointers\xa0(German\xa0Wirehaired)', 'coat_type': 'Wiry', 'coat_length': 'Medium', 'energy_level': 5, 'barking_level': 3, 'drooling_level': 2, 'shedding_level': 2, 'playfulness_level': 4, 'adaptability_level': 4, 'trainability_level': 5, 'good_with_other_dogs': 3, 'openness_to_strangers': 4, 'coat_grooming_frequency': 2, 'affectionate_with_family': 5, 'good_with_young_children': 3, 'mental_stimulation_needs': 4, 'watchdog_protective_nature': 3}",,2025-11-17 21:41:02.289528+00:00
46cfecd5-3057-43af-801f-a0351f9b4bbe,Polish Lowland Sheepdogs,"{'breed': 'Polish\xa0Lowland\xa0Sheepdogs', 'coat_type': 'Double', 'coat_length': 'Long', 'energy_level': 3, 'barking_level': 4, 'drooling_level': 2, 'shedding_level': 2, 'playfulness_level': 4, 'adaptability_level': 5, 'trainability_level': 4, 'good_with_other_dogs': 3, 'openness_to_strangers': 3, 'coat_grooming_frequency': 4, 'affectionate_with_family': 5, 'good_with_young_children': 3, 'mental_stimulation_needs': 4, 'watchdog_protective_nature': 5}",,2025-11-17 21:41:34.077757+00:00
05e58349-29d9-4917-a5f6-e59f6724aed2,Pomeranians,"{'breed': 'Pomeranians', 'coat_type': 'Double', 'coat_length': 'Long', 'energy_level': 3, 'barking_level': 4, 'drooling_level': 1, 'shedding_level': 2, 'playfulness_level': 3, 'adaptability_level': 4, 'trainability_level': 3, 'good_with_other_dogs': 3, 'openness_to_strangers': 3, 'coat_grooming_frequency': 3, 'affectionate_with_family': 5, 'good_with_young_children': 3, 'mental_stimulation_needs': 3, 'watchdog_protective_nature': 4}",,2025-11-17 21:40:50.668624+00:00
62f5f4ac-608c-4d91-9880-dc2ee9933731,Poodles,"{'breed': 'Poodles', 'coat_type': 'Curly', 'coat_length': 'Long', 'energy_level': 4, 'barking_level': 4, 'drooling_level': 1, 'shedding_level': 1, 'playfulness_level': 5, 'adaptability_level': 4, 'trainability_level': 5, 'good_with_other_dogs': 3, 'openness_to_strangers': 5, 'coat_grooming_frequency': 4, 'affectionate_with_family': 5, 'good_with_young_children': 5, 'mental_stimulation_needs': 5, 'watchdog_protective_nature': 5}",,2025-11-17 21:40:43.310838+00:00
af35bd4d-2ef0-42fd-a230-420d031b5e82,Portuguese Podengo Pequenos,"{'breed': 'Portuguese\xa0Podengo\xa0Pequenos', 'coat_type': 'Wiry', 'coat_length': 'Medium', 'energy_level': 4, 'barking_level': 3, 'drooling_level': 1, 'shedding_level': 3, 'playfulness_level': 4, 'adaptability_level': 4, 'trainability_level': 3, 'good_with_other_dogs': 5, 'openness_to_strangers': 3, 'coat_grooming_frequency': 2, 'affectionate_with_family': 5, 'good_with_young_children': 5, 'mental_stimulation_needs': 4, 'watchdog_protective_nature': 3}",,2025-11-17 21:41:28.904259+00:00
845924ca-6cc8-446f-8b81-99597d235b85,Portuguese Water Dogs,"{'breed': 'Portuguese\xa0Water\xa0Dogs', 'coat_type': 'Curly', 'coat_length': 'Long', 'energy_level': 5, 'barking_level': 3, 'drooling_level': 2, 'shedding_level': 2, 'playfulness_level': 5, 'adaptability_level': 5, 'trainability_level': 5, 'good_with_other_dogs': 4, 'openness_to_strangers': 4, 'coat_grooming_frequency': 4, 'affectionate_with_family': 5, 'good_with_young_children': 5, 'mental_stimulation_needs': 5, 'watchdog_protective_nature': 4}",,2025-11-17 21:40:58.474005+00:00
532795d1-2cdb-4b8d-95ce-c1e427667862,Pugs,"{'breed': 'Pugs', 'coat_type': 'Smooth', 'coat_length': 'Short', 'energy_level': 3, 'barking_level': 1, 'drooling_level': 1, 'shedding_level': 4, 'playfulness_level': 5, 'adaptability_level': 5, 'trainability_level': 4, 'good_with_other_dogs': 4, 'openness_to_strangers': 5, 'coat_grooming_frequency': 2, 'affectionate_with_family': 5, 'good_with_young_children': 5, 'mental_stimulation_needs': 3, 'watchdog_protective_nature': 3}",,2025-11-17 21:40:50.668624+00:00
afdd5d75-02f8-479b-a871-d46b1a469b30,Pulik,"{'breed': 'Pulik', 'coat_type': 'Corded', 'coat_length': 'Long', 'energy_level': 3, 'barking_level': 3, 'drooling_level': 2, 'shedding_level': 1, 'playfulness_level': 3, 'adaptability_level': 4, 'trainability_level': 5, 'good_with_other_dogs': 3, 'openness_to_strangers': 3, 'coat_grooming_frequency': 5, 'affectionate_with_family': 5, 'good_with_young_children': 3, 'mental_stimulation_needs': 5, 'watchdog_protective_nature': 5}",,2025-11-17 21:41:25.997928+00:00
017b5327-474e-4f08-a6ac-571ca2adefad,Pumik,"{'breed': 'Pumik', 'coat_type': 'Curly', 'coat_length': 'Medium', 'energy_level': 5, 'barking_level': 3, 'drooling_level': 2, 'shedding_level': 1, 'playfulness_level': 4, 'adaptability_level': 4, 'trainability_level': 5, 'good_with_other_dogs': 3, 'openness_to_strangers': 3, 'coat_grooming_frequency': 2, 'affectionate_with_family': 5, 'good_with_young_children': 3, 'mental_stimulation_needs': 5, 'watchdog_protective_nature': 4}",,2025-11-17 21:41:28.904259+00:00
dbc8844c-e3bb-4cc3-b277-8588def20db3,Pyrenean Shepherds,"{'breed': 'Pyrenean\xa0Shepherds', 'coat_type': 'Smooth', 'coat_length': 'Medium', 'energy_level': 5, 'barking_level': 4, 'drooling_level': 2, 'shedding_level': 3, 'playfulness_level': 5, 'adaptability_level': 4, 'trainability_level': 5, 'good_with_other_dogs': 3, 'openness_to_strangers': 3, 'coat_grooming_frequency': 2, 'affectionate_with_family': 5, 'good_with_young_children': 3, 'mental_stimulation_needs': 5, 'watchdog_protective_nature': 5}",,2025-11-17 21:41:36.719864+00:00
6d551edf-07b2-4a0e-868a-18bf3ce21086,Rat Terriers,"{'breed': 'Rat\xa0Terriers', 'coat_type': 'Smooth', 'coat_length': 'Short', 'energy_level': 4, 'barking_level': 3, 'drooling_level': 1, 'shedding_level': 3, 'playfulness_level': 5, 'adaptability_level': 4, 'trainability_level': 5, 'good_with_other_dogs': 3, 'openness_to_strangers': 5, 'coat_grooming_frequency': 2, 'affectionate_with_family': 5, 'good_with_young_children': 5, 'mental_stimulation_needs': 5, 'watchdog_protective_nature': 4}",,2025-11-17 21:41:10.171569+00:00
cacf619c-ca9c-4a0c-b3a9-b09aa506c78e,Redbone Coonhounds,"{'breed': 'Redbone\xa0Coonhounds', 'coat_type': 'Smooth', 'coat_length': 'Short', 'energy_level': 3, 'barking_level': 4, 'drooling_level': 3, 'shedding_level': 3, 'playfulness_level': 3, 'adaptability_level': 4, 'trainability_level': 3, 'good_with_other_dogs': 5, 'openness_to_strangers': 3, 'coat_grooming_frequency': 2, 'affectionate_with_family': 5, 'good_with_young_children': 5, 'mental_stimulation_needs': 4, 'watchdog_protective_nature': 3}",,2025-11-17 21:41:25.997928+00:00
30d158d4-3bc7-49f0-96b6-4f8244575bb4,Retrievers (Chesapeake Bay),"{'breed': 'Retrievers\xa0(Chesapeake\xa0Bay)', 'coat_type': 'Wiry', 'coat_length': 'Medium', 'energy_level': 4, 'barking_level': 3, 'drooling_level': 2, 'shedding_level': 3, 'playfulness_level': 3, 'adaptability_level': 4, 'trainability_level': 5, 'good_with_other_dogs': 3, 'openness_to_strangers': 3, 'coat_grooming_frequency': 3, 'affectionate_with_family': 4, 'good_with_young_children': 3, 'mental_stimulation_needs': 4, 'watchdog_protective_nature': 4}",,2025-11-17 21:40:58.474005+00:00
2a0bc334-dd39-46f2-947a-34d4fdb7910f,Retrievers (Curly-Coated),"{'breed': 'Retrievers\xa0(Curly-Coated)', 'coat_type': 'Double', 'coat_length': 'Short', 'energy_level': 4, 'barking_level': 3, 'drooling_level': 1, 'shedding_level': 2, 'playfulness_level': 4, 'adaptability_level': 4, 'trainability_level': 4, 'good_with_other_dogs': 3, 'openness_to_strangers': 3, 'coat_grooming_frequency': 1, 'affectionate_with_family': 5, 'good_with_young_children': 5, 'mental_stimulation_needs': 3, 'watchdog_protective_nature': 4}",,2025-11-17 21:41:28.904259+00:00
25b9dc4b-d467-4222-a178-e564f0b38abb,Retrievers (Flat-Coated),"{'breed': 'Retrievers\xa0(Flat-Coated)', 'coat_type': 'Smooth', 'coat_length': 'Medium', 'energy_level': 5, 'barking_level': 3, 'drooling_level': 2, 'shedding_level': 3, 'playfulness_level': 5, 'adaptability_level': 5, 'trainability_level': 5, 'good_with_other_dogs': 5, 'openness_to_strangers': 5, 'coat_grooming_frequency': 2, 'affectionate_with_family': 5, 'good_with_young_children': 5, 'mental_stimulation_needs': 4, 'watchdog_protective_nature': 3}",,2025-11-17 21:41:15.506807+00:00
97057e58-ce2d-4576-aa40-c47f9989e4e6,Retrievers (Golden),"{'breed': 'Retrievers\xa0(Golden)', 'coat_type': 'Double', 'coat_length': 'Medium', 'energy_level': 3, 'barking_level': 1, 'drooling_level': 2, 'shedding_level': 4, 'playfulness_level': 4, 'adaptability_level': 5, 'trainability_level': 5, 'good_with_other_dogs': 5, 'openness_to_strangers': 5, 'coat_grooming_frequency': 2, 'affectionate_with_family': 5, 'good_with_young_children': 5, 'mental_stimulation_needs': 4, 'watchdog_protective_nature': 3}",,2025-11-17 21:40:43.310838+00:00
25b01533-fc35-4dab-8992-ff5c740dfd5c,Retrievers (Labrador),"{'breed': 'Retrievers\xa0(Labrador)', 'coat_type': 'Double', 'coat_length': 'Short', 'energy_level': 5, 'barking_level': 3, 'drooling_level': 2, 'shedding_level': 4, 'playfulness_level': 5, 'adaptability_level': 5, 'trainability_level': 5, 'good_with_other_dogs': 5, 'openness_to_strangers': 5, 'coat_grooming_frequency': 2, 'affectionate_with_family': 5, 'good_with_young_children': 5, 'mental_stimulation_needs': 4, 'watchdog_protective_nature': 3}",,2025-11-17 21:40:43.310838+00:00
a5c40979-47cd-49d1-b3be-853bcc8e58fa,Retrievers (Nova Scotia Duck Tolling),"{'breed': 'Retrievers\xa0(Nova\xa0Scotia\xa0Duck\xa0Tolling)', 'coat_type': 'Double', 'coat_length': 'Medium', 'energy_level': 5, 'barking_level': 2, 'drooling_level': 2, 'shedding_level': 3, 'playfulness_level': 5, 'adaptability_level': 4, 'trainability_level': 5, 'good_with_other_dogs': 4, 'openness_to_strangers': 3, 'coat_grooming_frequency': 2, 'affectionate_with_family': 5, 'good_with_young_children': 5, 'mental_stimulation_needs': 4, 'watchdog_protective_nature': 3}",,2025-11-17 21:41:10.171569+00:00
a1f44226-5062-4bb9-8a61-14ad7b3a0e0f,Rhodesian Ridgebacks,"{'breed': 'Rhodesian\xa0Ridgebacks', 'coat_type': 'Smooth', 'coat_length': 'Short', 'energy_level': 3, 'barking_level': 2, 'drooling_level': 2, 'shedding_level': 3, 'playfulness_level': 3, 'adaptability_level': 4, 'trainability_level': 4, 'good_with_other_dogs': 3, 'openness_to_strangers': 3, 'coat_grooming_frequency': 2, 'affectionate_with_family': 5, 'good_with_young_children': 5, 'mental_stimulation_needs': 4, 'watchdog_protective_nature': 5}",,2025-11-17 21:40:58.474005+00:00
114e26ed-0596-4435-bf49-5618a42c4caf,Rottweilers,"{'breed': 'Rottweilers', 'coat_type': 'Smooth', 'coat_length': 'Short', 'energy_level': 3, 'barking_level': 1, 'drooling_level': 3, 'shedding_level': 3, 'playfulness_level': 4, 'adaptability_level': 4, 'trainability_level': 5, 'good_with_other_dogs': 3, 'openness_to_strangers': 3, 'coat_grooming_frequency': 1, 'affectionate_with_family': 5, 'good_with_young_children': 3, 'mental_stimulation_needs': 5, 'watchdog_protective_nature': 5}",,2025-11-17 21:40:43.310838+00:00
c1b8036c-9ce7-4461-a8fd-a407716c8885,Russell Terriers,"{'breed': 'Russell\xa0Terriers', 'coat_type': 'Wiry', 'coat_length': 'Short', 'energy_level': 5, 'barking_level': 4, 'drooling_level': 1, 'shedding_level': 3, 'playfulness_level': 5, 'adaptability_level': 4, 'trainability_level': 3, 'good_with_other_dogs': 5, 'openness_to_strangers': 5, 'coat_grooming_frequency': 2, 'affectionate_with_family': 5, 'good_with_young_children': 3, 'mental_stimulation_needs': 5, 'watchdog_protective_nature': 4}",,2025-11-17 21:41:07.557501+00:00
05faf13d-b09f-4082-bc65-6ce4dbf787eb,Salukis,"{'breed': 'Salukis', 'coat_type': 'Smooth', 'coat_length': 'Short', 'energy_level': 4, 'barking_level': 3, 'drooling_level': 1, 'shedding_level': 2, 'playfulness_level': 3, 'adaptability_level': 3, 'trainability_level': 3, 'good_with_other_dogs': 3, 'openness_to_strangers': 3, 'coat_grooming_frequency': 1, 'affectionate_with_family': 5, 'good_with_young_children': 3, 'mental_stimulation_needs': 5, 'watchdog_protective_nature': 1}",,2025-11-17 21:41:25.997928+00:00
768e6745-0e26-4153-a7ea-f48fcd19423f,Samoyeds,"{'breed': 'Samoyeds', 'coat_type': 'Double', 'coat_length': 'Long', 'energy_level': 4, 'barking_level': 5, 'drooling_level': 1, 'shedding_level': 3, 'playfulness_level': 5, 'adaptability_level': 4, 'trainability_level': 4, 'good_with_other_dogs': 3, 'openness_to_strangers': 5, 'coat_grooming_frequency': 3, 'affectionate_with_family': 5, 'good_with_young_children': 5, 'mental_stimulation_needs': 4, 'watchdog_protective_nature': 4}",,2025-11-17 21:41:02.289528+00:00
900b4148-a2cd-4141-89b0-c1366fc8e50a,Schipperkes,"{'breed': 'Schipperkes', 'coat_type': 'Double', 'coat_length': 'Short', 'energy_level': 3, 'barking_level': 4, 'drooling_level': 1, 'shedding_level': 3, 'playfulness_level': 4, 'adaptability_level': 4, 'trainability_level': 4, 'good_with_other_dogs': 3, 'openness_to_strangers': 3, 'coat_grooming_frequency': 2, 'affectionate_with_family': 5, 'good_with_young_children': 3, 'mental_stimulation_needs': 3, 'watchdog_protective_nature': 5}",,2025-11-17 21:41:18.146292+00:00
5d0ab06a-2884-4419-bdd8-b5c1192759aa,Scottish Deerhounds,"{'breed': 'Scottish\xa0Deerhounds', 'coat_type': 'Wiry', 'coat_length': 'Medium', 'energy_level': 3, 'barking_level': 1, 'drooling_level': 1, 'shedding_level': 3, 'playfulness_level': 3, 'adaptability_level': 3, 'trainability_level': 3, 'good_with_other_dogs': 5, 'openness_to_strangers': 3, 'coat_grooming_frequency': 1, 'affectionate_with_family': 5, 'good_with_young_children': 3, 'mental_stimulation_needs': 3, 'watchdog_protective_nature': 3}",,2025-11-17 21:41:31.493235+00:00
591c742f-f8d8-4cf3-b517-197fe9075e30,Scottish Terriers,"{'breed': 'Scottish\xa0Terriers', 'coat_type': 'Wiry', 'coat_length': 'Medium', 'energy_level': 3, 'barking_level': 4, 'drooling_level': 2, 'shedding_level': 2, 'playfulness_level': 4, 'adaptability_level': 4, 'trainability_level': 3, 'good_with_other_dogs': 2, 'openness_to_strangers': 3, 'coat_grooming_frequency': 3, 'affectionate_with_family': 5, 'good_with_young_children': 3, 'mental_stimulation_needs': 4, 'watchdog_protective_nature': 5}",,2025-11-17 21:41:02.289528+00:00
2e925b20-c762-44fe-a671-e5202b3b3d65,Sealyham Terriers,"{'breed': 'Sealyham\xa0Terriers', 'coat_type': 'Wiry', 'coat_length': 'Medium', 'energy_level': 3, 'barking_level': 4, 'drooling_level': 1, 'shedding_level': 3, 'playfulness_level': 3, 'adaptability_level': 4, 'trainability_level': 4, 'good_with_other_dogs': 3, 'openness_to_strangers': 4, 'coat_grooming_frequency': 3, 'affectionate_with_family': 5, 'good_with_young_children': 3, 'mental_stimulation_needs': 4, 'watchdog_protective_nature': 5}",,2025-11-17 21:41:25.997928+00:00
bf732bb9-cae5-44d8-92ec-84bfe69dc8f0,Setters (English),"{'breed': 'Setters\xa0(English)', 'coat_type': 'Double', 'coat_length': 'Medium', 'energy_level': 3, 'barking_level': 3, 'drooling_level': 3, 'shedding_level': 3, 'playfulness_level': 4, 'adaptability_level': 4, 'trainability_level': 4, 'good_with_other_dogs': 4, 'openness_to_strangers': 4, 'coat_grooming_frequency': 3, 'affectionate_with_family': 5, 'good_with_young_children': 4, 'mental_stimulation_needs': 4, 'watchdog_protective_nature': 3}",,2025-11-17 21:41:15.506807+00:00
6ccdb84a-27c6-42ba-ae19-f3001ef4ff2c,Setters (Gordon),"{'breed': 'Setters\xa0(Gordon)', 'coat_type': 'Double', 'coat_length': 'Medium', 'energy_level': 5, 'barking_level': 3, 'drooling_level': 4, 'shedding_level': 3, 'playfulness_level': 3, 'adaptability_level': 4, 'trainability_level': 5, 'good_with_other_dogs': 3, 'openness_to_strangers': 3, 'coat_grooming_frequency': 2, 'affectionate_with_family': 5, 'good_with_young_children': 3, 'mental_stimulation_needs': 4, 'watchdog_protective_nature': 4}",,2025-11-17 21:41:15.506807+00:00
6da511cd-ec92-4fe9-881a-11a6e713acf7,Setters (Irish Red and White),"{'breed': 'Setters\xa0(Irish\xa0Red\xa0and\xa0White)', 'coat_type': 'Double', 'coat_length': 'Medium', 'energy_level': 5, 'barking_level': 3, 'drooling_level': 2, 'shedding_level': 2, 'playfulness_level': 3, 'adaptability_level': 5, 'trainability_level': 5, 'good_with_other_dogs': 5, 'openness_to_strangers': 5, 'coat_grooming_frequency': 2, 'affectionate_with_family': 5, 'good_with_young_children': 5, 'mental_stimulation_needs': 3, 'watchdog_protective_nature': 3}",,2025-11-17 21:41:31.493235+00:00
9290456d-4c5c-4cc3-b280-1cceef20397e,Setters (Irish),"{'breed': 'Setters\xa0(Irish)', 'coat_type': 'Silky', 'coat_length': 'Medium', 'energy_level': 5, 'barking_level': 3, 'drooling_level': 2, 'shedding_level': 3, 'playfulness_level': 5, 'adaptability_level': 4, 'trainability_level': 4, 'good_with_other_dogs': 5, 'openness_to_strangers': 5, 'coat_grooming_frequency': 3, 'affectionate_with_family': 5, 'good_with_young_children': 5, 'mental_stimulation_needs': 4, 'watchdog_protective_nature': 3}",,2025-11-17 21:41:07.557501+00:00
467b5736-c28d-4987-9cdb-b9ce04212b6b,Shetland Sheepdogs,"{'breed': 'Shetland\xa0Sheepdogs', 'coat_type': 'Double', 'coat_length': 'Long', 'energy_level': 4, 'barking_level': 5, 'drooling_level': 1, 'shedding_level': 3, 'playfulness_level': 5, 'adaptability_level': 5, 'trainability_level': 5, 'good_with_other_dogs': 5, 'openness_to_strangers': 2, 'coat_grooming_frequency': 3, 'affectionate_with_family': 5, 'good_with_young_children': 5, 'mental_stimulation_needs': 4, 'watchdog_protective_nature': 5}",,2025-11-17 21:40:50.668624+00:00
65381bc9-607a-4964-88d8-d292cdf524c8,Shiba Inu,"{'breed': 'Shiba\xa0Inu', 'coat_type': 'Double', 'coat_length': 'Short', 'energy_level': 3, 'barking_level': 3, 'drooling_level': 1, 'shedding_level': 3, 'playfulness_level': 3, 'adaptability_level': 3, 'trainability_level': 2, 'good_with_other_dogs': 3, 'openness_to_strangers': 3, 'coat_grooming_frequency': 2, 'affectionate_with_family': 5, 'good_with_young_children': 3, 'mental_stimulation_needs': 4, 'watchdog_protective_nature': 5}",,2025-11-17 21:40:58.474005+00:00
45ce175c-fa18-475c-aec8-192bca8d6c5f,Shih Tzu,"{'breed': 'Shih\xa0Tzu', 'coat_type': 'Double', 'coat_length': 'Long', 'energy_level': 3, 'barking_level': 3, 'drooling_level': 1, 'shedding_level': 1, 'playfulness_level': 3, 'adaptability_level': 5, 'trainability_level': 4, 'good_with_other_dogs': 5, 'openness_to_strangers': 3, 'coat_grooming_frequency': 4, 'affectionate_with_family': 5, 'good_with_young_children': 5, 'mental_stimulation_needs': 3, 'watchdog_protective_nature': 3}",,2025-11-17 21:40:47.060995+00:00
e2b7bea6-f7e2-413b-91a3-393cf4e06406,Siberian Huskies,"{'breed': 'Siberian\xa0Huskies', 'coat_type': 'Double', 'coat_length': 'Medium', 'energy_level': 5, 'barking_level': 5, 'drooling_level': 1, 'shedding_level': 4, 'playfulness_level': 5, 'adaptability_level': 4, 'trainability_level': 3, 'good_with_other_dogs': 5, 'openness_to_strangers': 5, 'coat_grooming_frequency': 2, 'affectionate_with_family': 5, 'good_with_young_children': 5, 'mental_stimulation_needs': 4, 'watchdog_protective_nature': 1}",,2025-11-17 21:40:47.060995+00:00
dcf49832-1c70-4597-9c89-9e6f5273692d,Silky Terriers,"{'breed': 'Silky\xa0Terriers', 'coat_type': 'Silky', 'coat_length': 'Long', 'energy_level': 3, 'barking_level': 4, 'drooling_level': 1, 'shedding_level': 2, 'playfulness_level': 4, 'adaptability_level': 4, 'trainability_level': 4, 'good_with_other_dogs': 3, 'openness_to_strangers': 4, 'coat_grooming_frequency': 3, 'affectionate_with_family': 5, 'good_with_young_children': 3, 'mental_stimulation_needs': 3, 'watchdog_protective_nature': 5}",,2025-11-17 21:41:15.506807+00:00
33e79fa1-cbda-4dcb-9db3-24537a19c5fc,Skye Terriers,"{'breed': 'Skye\xa0Terriers', 'coat_type': 'Double', 'coat_length': 'Long', 'energy_level': 3, 'barking_level': 3, 'drooling_level': 1, 'shedding_level': 3, 'playfulness_level': 3, 'adaptability_level': 3, 'trainability_level': 3, 'good_with_other_dogs': 3, 'openness_to_strangers': 3, 'coat_grooming_frequency': 3, 'affectionate_with_family': 5, 'good_with_young_children': 3, 'mental_stimulation_needs': 3, 'watchdog_protective_nature': 3}",,2025-11-17 21:41:36.719864+00:00
ad1e61f0-7718-476a-b44e-a84f09988f37,Sloughis,"{'breed': 'Sloughis', 'coat_type': 'Smooth', 'coat_length': 'Short', 'energy_level': 4, 'barking_level': 2, 'drooling_level': 1, 'shedding_level': 3, 'playfulness_level': 3, 'adaptability_level': 3, 'trainability_level': 3, 'good_with_other_dogs': 3, 'openness_to_strangers': 2, 'coat_grooming_frequency': 1, 'affectionate_with_family': 4, 'good_with_young_children': 3, 'mental_stimulation_needs': 3, 'watchdog_protective_nature': 2}",,2025-11-17 21:41:36.719864+00:00
1d7466ed-4522-49bc-9fd4-c8163d1e0ca3,Soft Coated Wheaten Terriers,"{'breed': 'Soft\xa0Coated\xa0Wheaten\xa0Terriers', 'coat_type': 'Wavy', 'coat_length': 'Medium', 'energy_level': 4, 'barking_level': 3, 'drooling_level': 2, 'shedding_level': 1, 'playfulness_level': 3, 'adaptability_level': 3, 'trainability_level': 3, 'good_with_other_dogs': 3, 'openness_to_strangers': 3, 'coat_grooming_frequency': 4, 'affectionate_with_family': 5, 'good_with_young_children': 5, 'mental_stimulation_needs': 3, 'watchdog_protective_nature': 3}",,2025-11-17 21:41:02.289528+00:00
99542a27-1738-44e4-8969-eac195e45b73,Spaniels (American Water),"{'breed': 'Spaniels\xa0(American\xa0Water)', 'coat_type': 'Double', 'coat_length': 'Medium', 'energy_level': 3, 'barking_level': 3, 'drooling_level': 1, 'shedding_level': 1, 'playfulness_level': 3, 'adaptability_level': 3, 'trainability_level': 5, 'good_with_other_dogs': 3, 'openness_to_strangers': 3, 'coat_grooming_frequency': 3, 'affectionate_with_family': 3, 'good_with_young_children': 3, 'mental_stimulation_needs': 3, 'watchdog_protective_nature': 3}",,2025-11-17 21:41:28.904259+00:00
d63d6cf0-73ef-45d3-bf12-a65e80aae321,Spaniels (Boykin),"{'breed': 'Spaniels\xa0(Boykin)', 'coat_type': 'Double', 'coat_length': 'Medium', 'energy_level': 4, 'barking_level': 3, 'drooling_level': 1, 'shedding_level': 3, 'playfulness_level': 4, 'adaptability_level': 4, 'trainability_level': 4, 'good_with_other_dogs': 5, 'openness_to_strangers': 3, 'coat_grooming_frequency': 3, 'affectionate_with_family': 3, 'good_with_young_children': 5, 'mental_stimulation_needs': 3, 'watchdog_protective_nature': 3}",,2025-11-17 21:41:10.171569+00:00
78768475-a19d-4d3f-aa49-ff43ec592f18,Spaniels (Clumber),"{'breed': 'Spaniels\xa0(Clumber)', 'coat_type': 'Wavy', 'coat_length': 'Medium', 'energy_level': 3, 'barking_level': 1, 'drooling_level': 4, 'shedding_level': 3, 'playfulness_level': 3, 'adaptability_level': 4, 'trainability_level': 4, 'good_with_other_dogs': 3, 'openness_to_strangers': 4, 'coat_grooming_frequency': 2, 'affectionate_with_family': 4, 'good_with_young_children': 3, 'mental_stimulation_needs': 3, 'watchdog_protective_nature': 3}",,2025-11-17 21:41:23.386979+00:00
613c5800-a10d-488d-85b0-325f2cf2aea0,Spaniels (Cocker),"{'breed': 'Spaniels\xa0(Cocker)', 'coat_type': 'Double', 'coat_length': 'Long', 'energy_level': 4, 'barking_level': 3, 'drooling_level': 2, 'shedding_level': 3, 'playfulness_level': 3, 'adaptability_level': 4, 'trainability_level': 4, 'good_with_other_dogs': 5, 'openness_to_strangers': 4, 'coat_grooming_frequency': 4, 'affectionate_with_family': 4, 'good_with_young_children': 5, 'mental_stimulation_needs': 3, 'watchdog_protective_nature': 3}",,2025-11-17 21:40:50.668624+00:00
a21cd8a6-5394-4cb8-9944-44521c59d936,Spaniels (English Cocker),"{'breed': 'Spaniels\xa0(English\xa0Cocker)', 'coat_type': 'Double', 'coat_length': 'Medium', 'energy_level': 3, 'barking_level': 3, 'drooling_level': 2, 'shedding_level': 3, 'playfulness_level': 3, 'adaptability_level': 4, 'trainability_level': 4, 'good_with_other_dogs': 5, 'openness_to_strangers': 4, 'coat_grooming_frequency': 3, 'affectionate_with_family': 5, 'good_with_young_children': 5, 'mental_stimulation_needs': 4, 'watchdog_protective_nature': 3}",,2025-11-17 21:40:58.474005+00:00
6fd5b224-1e61-4d63-a204-9c16f708f554,Spaniels (English Springer),"{'breed': 'Spaniels\xa0(English\xa0Springer)', 'coat_type': 'Double', 'coat_length': 'Medium', 'energy_level': 4, 'barking_level': 3, 'drooling_level': 3, 'shedding_level': 3, 'playfulness_level': 4, 'adaptability_level': 4, 'trainability_level': 5, 'good_with_other_dogs': 4, 'openness_to_strangers': 4, 'coat_grooming_frequency': 2, 'affectionate_with_family': 5, 'good_with_young_children': 3, 'mental_stimulation_needs': 4, 'watchdog_protective_nature': 3}",,2025-11-17 21:40:50.668624+00:00
08cfa30a-c31d-4eb4-9e5f-15d94bd556d5,Spaniels (Field),"{'breed': 'Spaniels\xa0(Field)', 'coat_type': 'Smooth', 'coat_length': 'Medium', 'energy_level': 3, 'barking_level': 3, 'drooling_level': 2, 'shedding_level': 3, 'playfulness_level': 3, 'adaptability_level': 4, 'trainability_level': 5, 'good_with_other_dogs': 4, 'openness_to_strangers': 4, 'coat_grooming_frequency': 2, 'affectionate_with_family': 5, 'good_with_young_children': 5, 'mental_stimulation_needs': 3, 'watchdog_protective_nature': 3}",,2025-11-17 21:41:28.904259+00:00
162284fb-f22d-4413-b48c-ab4b27488c30,Spaniels (Irish Water),"{'breed': 'Spaniels\xa0(Irish\xa0Water)', 'coat_type': 'Curly', 'coat_length': 'Medium', 'energy_level': 3, 'barking_level': 1, 'drooling_level': 2, 'shedding_level': 1, 'playfulness_level': 5, 'adaptability_level': 4, 'trainability_level': 5, 'good_with_other_dogs': 3, 'openness_to_strangers': 3, 'coat_grooming_frequency': 3, 'affectionate_with_family': 5, 'good_with_young_children': 3, 'mental_stimulation_needs': 4, 'watchdog_protective_nature': 3}",,2025-11-17 21:41:34.077757+00:00
74749ea5-d11e-4049-ba61-31992b1df991,Spaniels (Sussex),"{'breed': 'Spaniels\xa0(Sussex)', 'coat_type': 'Double', 'coat_length': 'Medium', 'energy_level': 3, 'barking_level': 3, 'drooling_level': 3, 'shedding_level': 3, 'playfulness_level': 4, 'adaptability_level': 4, 'trainability_level': 4, 'good_with_other_dogs': 3, 'openness_to_strangers': 3, 'coat_grooming_frequency': 3, 'affectionate_with_family': 5, 'good_with_young_children': 3, 'mental_stimulation_needs': 3, 'watchdog_protective_nature': 3}",,2025-11-17 21:41:34.077757+00:00
0dbb0ea8-441b-4e44-b42f-c0504fccbfd4,Spaniels (Welsh Springer),"{'breed': 'Spaniels\xa0(Welsh\xa0Springer)', 'coat_type': 'Double', 'coat_length': 'Medium', 'energy_level': 4, 'barking_level': 3, 'drooling_level': 2, 'shedding_level': 3, 'playfulness_level': 3, 'adaptability_level': 4, 'trainability_level': 5, 'good_with_other_dogs': 4, 'openness_to_strangers': 1, 'coat_grooming_frequency': 2, 'affectionate_with_family': 5, 'good_with_young_children': 5, 'mental_stimulation_needs': 4, 'watchdog_protective_nature': 3}",,2025-11-17 21:41:20.739330+00:00
5ff9d6d9-a57c-4820-8b6e-0c6803174614,Spanish Water Dogs,"{'breed': 'Spanish\xa0Water\xa0Dogs', 'coat_type': 'Corded', 'coat_length': 'Medium', 'energy_level': 4, 'barking_level': 3, 'drooling_level': 2, 'shedding_level': 1, 'playfulness_level': 4, 'adaptability_level': 3, 'trainability_level': 4, 'good_with_other_dogs': 3, 'openness_to_strangers': 3, 'coat_grooming_frequency': 4, 'affectionate_with_family': 5, 'good_with_young_children': 4, 'mental_stimulation_needs': 5, 'watchdog_protective_nature': 3}",,2025-11-17 21:41:25.997928+00:00
95880ea6-39ea-4f43-a03e-18e65a326314,Spinoni Italiani,"{'breed': 'Spinoni\xa0Italiani', 'coat_type': 'Wiry', 'coat_length': 'Medium', 'energy_level': 3, 'barking_level': 2, 'drooling_level': 3, 'shedding_level': 3, 'playfulness_level': 3, 'adaptability_level': 3, 'trainability_level': 4, 'good_with_other_dogs': 4, 'openness_to_strangers': 3, 'coat_grooming_frequency': 2, 'affectionate_with_family': 5, 'good_with_young_children': 3, 'mental_stimulation_needs': 3, 'watchdog_protective_nature': 3}",,2025-11-17 21:41:15.506807+00:00
8544dd0b-dedd-4f34-8c64-84d458323027,St. Bernards,"{'breed': 'St.\xa0Bernards', 'coat_type': 'Smooth', 'coat_length': 'Short', 'energy_level': 3, 'barking_level': 1, 'drooling_level': 5, 'shedding_level': 3, 'playfulness_level': 3, 'adaptability_level': 4, 'trainability_level': 3, 'good_with_other_dogs': 3, 'openness_to_strangers': 3, 'coat_grooming_frequency': 2, 'affectionate_with_family': 5, 'good_with_young_children': 5, 'mental_stimulation_needs': 3, 'watchdog_protective_nature': 5}",,2025-11-17 21:41:02.289528+00:00
4a49089c-265f-4138-8773-18890301f693,Staffordshire Bull Terriers,"{'breed': 'Staffordshire\xa0Bull\xa0Terriers', 'coat_type': 'Smooth', 'coat_length': 'Short', 'energy_level': 4, 'barking_level': 3, 'drooling_level': 3, 'shedding_level': 2, 'playfulness_level': 4, 'adaptability_level': 5, 'trainability_level': 5, 'good_with_other_dogs': 3, 'openness_to_strangers': 4, 'coat_grooming_frequency': 2, 'affectionate_with_family': 5, 'good_with_young_children': 5, 'mental_stimulation_needs': 4, 'watchdog_protective_nature': 5}",,2025-11-17 21:41:10.171569+00:00
84d537cc-bc05-418b-8aa2-1aac86175d0f,Standard Schnauzers,"{'breed': 'Standard\xa0Schnauzers', 'coat_type': 'Wiry', 'coat_length': 'Medium', 'energy_level': 3, 'barking_level': 3, 'drooling_level': 3, 'shedding_level': 1, 'playfulness_level': 4, 'adaptability_level': 4, 'trainability_level': 5, 'good_with_other_dogs': 3, 'openness_to_strangers': 3, 'coat_grooming_frequency': 3, 'affectionate_with_family': 5, 'good_with_young_children': 5, 'mental_stimulation_needs': 5, 'watchdog_protective_nature': 5}",,2025-11-17 21:41:12.842829+00:00
ba637a20-d242-49f2-b074-950698d0e471,Swedish Vallhunds,"{'breed': 'Swedish\xa0Vallhunds', 'coat_type': 'Double', 'coat_length': 'Short', 'energy_level': 4, 'barking_level': 3, 'drooling_level': 2, 'shedding_level': 4, 'playfulness_level': 4, 'adaptability_level': 4, 'trainability_level': 4, 'good_with_other_dogs': 3, 'openness_to_strangers': 3, 'coat_grooming_frequency': 2, 'affectionate_with_family': 5, 'good_with_young_children': 5, 'mental_stimulation_needs': 4, 'watchdog_protective_nature': 3}",,2025-11-17 21:41:25.997928+00:00
0560a855-80ad-4420-9c8d-e564e67c7770,Tibetan Mastiffs,"{'breed': 'Tibetan\xa0Mastiffs', 'coat_type': 'Double', 'coat_length': 'Medium', 'energy_level': 3, 'barking_level': 3, 'drooling_level': 3, 'shedding_level': 4, 'playfulness_level': 3, 'adaptability_level': 3, 'trainability_level': 3, 'good_with_other_dogs': 3, 'openness_to_strangers': 1, 'coat_grooming_frequency': 3, 'affectionate_with_family': 4, 'good_with_young_children': 3, 'mental_stimulation_needs': 4, 'watchdog_protective_nature': 5}",,2025-11-17 21:41:23.386979+00:00
452ba713-9114-4ee6-9e79-4528319e720c,Tibetan Spaniels,"{'breed': 'Tibetan\xa0Spaniels', 'coat_type': 'Double', 'coat_length': 'Medium', 'energy_level': 3, 'barking_level': 3, 'drooling_level': 2, 'shedding_level': 3, 'playfulness_level': 4, 'adaptability_level': 4, 'trainability_level': 3, 'good_with_other_dogs': 3, 'openness_to_strangers': 4, 'coat_grooming_frequency': 2, 'affectionate_with_family': 5, 'good_with_young_children': 5, 'mental_stimulation_needs': 3, 'watchdog_protective_nature': 4}",,2025-11-17 21:41:18.146292+00:00
7ab24b96-fb7c-4cb6-b20f-5e1221c48565,Tibetan Terriers,"{'breed': 'Tibetan\xa0Terriers', 'coat_type': 'Double', 'coat_length': 'Long', 'energy_level': 4, 'barking_level': 3, 'drooling_level': 2, 'shedding_level': 3, 'playfulness_level': 3, 'adaptability_level': 4, 'trainability_level': 3, 'good_with_other_dogs': 3, 'openness_to_strangers': 3, 'coat_grooming_frequency': 3, 'affectionate_with_family': 5, 'good_with_young_children': 3, 'mental_stimulation_needs': 4, 'watchdog_protective_nature': 4}",,2025-11-17 21:41:12.842829+00:00
de22a365-1cbb-45c0-95fc-b47aeb0c104c,Toy Fox Terriers,"{'breed': 'Toy\xa0Fox\xa0Terriers', 'coat_type': 'Smooth', 'coat_length': 'Short', 'energy_level': 4, 'barking_level': 4, 'drooling_level': 1, 'shedding_level': 3, 'playfulness_level': 4, 'adaptability_level': 4, 'trainability_level': 5, 'good_with_other_dogs': 3, 'openness_to_strangers': 5, 'coat_grooming_frequency': 2, 'affectionate_with_family': 5, 'good_with_young_children': 3, 'mental_stimulation_needs': 4, 'watchdog_protective_nature': 5}",,2025-11-17 21:41:18.146292+00:00
7ed31fb9-46aa-4cec-9833-6511cac254ff,Treeing Walker Coonhounds,"{'breed': 'Treeing\xa0Walker\xa0Coonhounds', 'coat_type': 'Smooth', 'coat_length': 'Short', 'energy_level': 5, 'barking_level': 4, 'drooling_level': 3, 'shedding_level': 3, 'playfulness_level': 4, 'adaptability_level': 4, 'trainability_level': 5, 'good_with_other_dogs': 5, 'openness_to_strangers': 3, 'coat_grooming_frequency': 1, 'affectionate_with_family': 5, 'good_with_young_children': 5, 'mental_stimulation_needs': 5, 'watchdog_protective_nature': 3}",,2025-11-17 21:41:28.904259+00:00
170215d5-9cf1-4c0a-9664-9d2410ea4ba7,Vizslas,"{'breed': 'Vizslas', 'coat_type': 'Smooth', 'coat_length': 'Short', 'energy_level': 5, 'barking_level': 3, 'drooling_level': 2, 'shedding_level': 3, 'playfulness_level': 5, 'adaptability_level': 5, 'trainability_level': 5, 'good_with_other_dogs': 4, 'openness_to_strangers': 4, 'coat_grooming_frequency': 2, 'affectionate_with_family': 5, 'good_with_young_children': 5, 'mental_stimulation_needs': 5, 'watchdog_protective_nature': 3}",,2025-11-17 21:40:54.536583+00:00
326e5639-0904-4f72-8ad0-1dba10f1f318,Weimaraners,"{'breed': 'Weimaraners', 'coat_type': 'Smooth', 'coat_length': 'Short', 'energy_level': 5, 'barking_level': 3, 'drooling_level': 2, 'shedding_level': 3, 'playfulness_level': 5, 'adaptability_level': 4, 'trainability_level': 5, 'good_with_other_dogs': 3, 'openness_to_strangers': 3, 'coat_grooming_frequency': 2, 'affectionate_with_family': 5, 'good_with_young_children': 5, 'mental_stimulation_needs': 5, 'watchdog_protective_nature': 5}",,2025-11-17 21:40:54.536583+00:00
83c2761b-5f54-48a3-a1b1-904d5436a5a0,Welsh Terriers,"{'breed': 'Welsh\xa0Terriers', 'coat_type': 'Wiry', 'coat_length': 'Medium', 'energy_level': 4, 'barking_level': 4, 'drooling_level': 2, 'shedding_level': 2, 'playfulness_level': 4, 'adaptability_level': 4, 'trainability_level': 4, 'good_with_other_dogs': 3, 'openness_to_strangers': 5, 'coat_grooming_frequency': 3, 'affectionate_with_family': 5, 'good_with_young_children': 5, 'mental_stimulation_needs': 4, 'watchdog_protective_nature': 4}",,2025-11-17 21:41:18.146292+00:00
0c0a5fee-d9cf-42eb-863d-c73e278446aa,West Highland White Terriers,"{'breed': 'West\xa0Highland\xa0White\xa0Terriers', 'coat_type': 'Double', 'coat_length': 'Medium', 'energy_level': 4, 'barking_level': 5, 'drooling_level': 1, 'shedding_level': 3, 'playfulness_level': 5, 'adaptability_level': 4, 'trainability_level': 3, 'good_with_other_dogs': 3, 'openness_to_strangers': 4, 'coat_grooming_frequency': 3, 'affectionate_with_family': 5, 'good_with_young_children': 5, 'mental_stimulation_needs': 4, 'watchdog_protective_nature': 5}",,2025-11-17 21:40:58.474005+00:00
73a90a6a-785e-462b-9db4-2e1b6783f7c9,Whippets,"{'breed': 'Whippets', 'coat_type': 'Smooth', 'coat_length': 'Short', 'energy_level': 4, 'barking_level': 1, 'drooling_level': 1, 'shedding_level': 2, 'playfulness_level': 4, 'adaptability_level': 3, 'trainability_level': 3, 'good_with_other_dogs': 5, 'openness_to_strangers': 3, 'coat_grooming_frequency': 1, 'affectionate_with_family': 5, 'good_with_young_children': 5, 'mental_stimulation_needs': 4, 'watchdog_protective_nature': 3}",,2025-11-17 21:41:02.289528+00:00
c2d5bd26-20f0-42ef-83d6-068a32534a44,Wirehaired Pointing Griffons,"{'breed': 'Wirehaired\xa0Pointing\xa0Griffons', 'coat_type': 'Wiry', 'coat_length': 'Medium', 'energy_level': 5, 'barking_level': 3, 'drooling_level': 3, 'shedding_level': 3, 'playfulness_level': 4, 'adaptability_level': 4, 'trainability_level': 5, 'good_with_other_dogs': 3, 'openness_to_strangers': 5, 'coat_grooming_frequency': 2, 'affectionate_with_family': 5, 'good_with_young_children': 5, 'mental_stimulation_needs': 5, 'watchdog_protective_nature': 3}",,2025-11-17 21:41:04.912580+00:00
de098c51-1140-406a-8280-1c5001fb9218,Wirehaired Vizslas,"{'breed': 'Wirehaired\xa0Vizslas', 'coat_type': 'Wiry', 'coat_length': 'Short', 'energy_level': 5, 'barking_level': 3, 'drooling_level': 2, 'shedding_level': 3, 'playfulness_level': 5, 'adaptability_level': 4, 'trainability_level': 5, 'good_with_other_dogs': 3, 'openness_to_strangers': 5, 'coat_grooming_frequency': 1, 'affectionate_with_family': 5, 'good_with_young_children': 5, 'mental_stimulation_needs': 5, 'watchdog_protective_nature': 3}",,2025-11-17 21:41:28.904259+00:00
2e2ea4c8-577a-415f-9667-85a043dc3253,Xoloitzcuintli,"{'breed': 'Xoloitzcuintli', 'coat_type': 'Hairless', 'coat_length': 'Short', 'energy_level': 4, 'barking_level': 3, 'drooling_level': 1, 'shedding_level': 1, 'playfulness_level': 4, 'adaptability_level': 4, 'trainability_level': 4, 'good_with_other_dogs': 3, 'openness_to_strangers': 3, 'coat_grooming_frequency': 1, 'affectionate_with_family': 5, 'good_with_young_children': 3, 'mental_stimulation_needs': 4, 'watchdog_protective_nature': 3}",,2025-11-17 21:41:23.386979+00:00
b9a0a91d-21d8-4751-84d7-449c188462e6,Yorkshire Terriers,"{'breed': 'Yorkshire\xa0Terriers', 'coat_type': 'Silky', 'coat_length': 'Long', 'energy_level': 4, 'barking_level': 4, 'drooling_level': 1, 'shedding_level': 1, 'playfulness_level': 4, 'adaptability_level': 5, 'trainability_level': 4, 'good_with_other_dogs': 3, 'openness_to_strangers': 5, 'coat_grooming_frequency': 5, 'affectionate_with_family': 5, 'good_with_young_children': 5, 'mental_stimulation_needs': 4, 'watchdog_protective_nature': 5}",,2025-11-17 21:40:47.060995+00:00
